﻿Name,Latitude,Longitude
Trinity Circle (Church),12.97251111,77.61981631
Philips (Ulsoor Lake),12.97281667,77.62159964
Binnamangala,12.98395,77.64033296
Benniganahalli,12.99415,77.66351629
Kaggadasapura Jn (Big Bazaar),12.9913,77.65761629
K. R. Puram Rlwy Station,13.00021667,77.67688294
ITI Bus Stop,13.00552777,77.68608293
Vannar Pete,12.95633333,77.62104964
Passport Office,12.94618333,77.61864965
Koramangala (80 FT RD),12.9379,77.62649964
Koramangala (SONY World),12.93696667,77.62668297
NGV Center,12.94261667,77.62259964
Koramangala 1st Block,12.924775,77.63383131
Coles park,12.99825,77.60841632
Fraser town (Doddi stop),13.0028,77.61214965
Amanath Bank Stop,13.00623333,77.61238298
Venketeshpuram02,13.02011666,77.61884965
K.G. Halli,13.02078333,77.61906631
Govindapura Cross,13.03253333,77.62208298
Arabic college,13.02935,77.62066631
Kengeri,12.91036667,77.4839664
Mylasandra (Mysore Raod),12.91771667,77.49069972
Bangalore University Gate,12.93555,77.51306638
Panthara palya,12.94021667,77.52421637
BWSSB Quaters,12.93968333,77.52354971
Byatarayanapura Police Station,12.95166667,77.5399997
Vinayaka Stop,12.96156667,77.56053301
Jaraganhalli,12.90215,77.57339967
Metro Mall (Kanakapura RD),12.89418333,77.56846635
Sarakki Gate,12.91011667,77.57293301
Lalbagh Main Gate,12.9541,77.58499967
Purnima Bus Stop,12.95535,77.585683
Corporation (Kalinga RD),12.96513333,77.587283
Corporation Office,12.9669,77.58811634
T.V. Tower,13.00906667,77.59119967
Yeshwantpur Junction,13.01943889,77.55300525
Govardhan Turning,13.01786667,77.55381636
M E I Factory,13.02468333,77.54743302
MEI (Tumkur RD),13.02643333,77.54401637
8th Mile (Tumkur RD),13.04515,77.50754972
Jalahalli Cross,13.04051667,77.51786638
Dasarahalli (Tumkur Rd),13.04258333,77.51429971
Madiwala Masjid,12.92473333,77.61828298
Adugodi Police Quarters,12.94165,77.60834965
Brigade Road (St Patricks Chur,12.9714,77.60709132
IIM-B,12.8966,77.59989966
G.D. Marra (J.P. Nagar 3rd Ph),12.90804444,77.60041632
BTM Check Post,12.91358333,77.59996633
Jayadeva (Opp Shoppers Stop),12.91408333,77.60003299
Jal Bhavan (Bannerghatta RD),12.92608333,77.60046633
Cantonment RLWY Station,12.99376667,77.59724966
Frazer Town (Post Office),13.00128333,77.61216632
Depot - 10,13.02623333,77.63174964
Varthurkodi,12.95823055,77.74601344
Marathahalli (Jn. Vartur and O,12.95675,77.70214681
Raja Rajeshwari Talkies,12.95921667,77.66166629
Kodihalli,12.9602,77.6453663
Electric Stop (Manipal Center),12.97093333,77.61963298
Byatarayanapura (Blry RD),13.06087778,77.59342744
BIAL Bus Stop,13.19906167,77.70838626
Malleshwaram 18th Cross,13.00869667,77.56890468
Halasuru (Ulsoor),12.975925,77.62645464
Taj Residency,12.974415,77.62005965
Kogillu Cross,13.12304333,77.61145132
Jeevanbhima Nagar,12.96570833,77.65792962
Indira Nagar Police Station,12.97840833,77.64012296
Lake Side Hospital,12.98834833,77.61728965
Bangalore Club (Richmond Circl,12.967645,77.59982299
Bowring Institute (SBI),12.97445,77.60143299
Basaveshwara Circle (L.H.),12.9845,77.58819967
Richmond Circle (Opp Bangalore,12.96500278,77.59658855
White Field Post Office,12.96411333,77.74842288
Siddapur,12.95635,77.73230956
Domlur,12.96123333,77.63649963
Halasuru (Ulsoor) Lake,12.98937333,77.61615632
J.C. Nagar,13.00698333,77.59248133
Koramangala Water tank,12.92745,77.62144964
Madiwala (Check Post),12.93241833,77.61262965
Cunnighama Road,12.98773333,77.594483
Jn. of Koramangala 80ft RD,12.93768333,77.62744964
Koramangala (Jn. Ejipura RD),12.93863055,77.63334964
Dell Complex,12.95453333,77.64138296
Indian Express,12.98373333,77.59702966
HSR Layout (BDA Complex),12.91266667,77.6381163
DELL Complex (Hero Honda),12.95327222,77.64093019
M.G. RD (Manipal Centre),12.97451111,77.61438021
GPO,12.98141944,77.59540244
Bommanahalli,12.90774167,77.62830131
Central Silk Board (Hosur RD),12.91448333,77.62421631
Agara,12.924275,77.65031462
Accenture,12.92688,77.6787596
Kalyananagar,13.02626333,77.6383013
Infosys (Parking Lot),12.850095,77.66286461
Jn.of Sarjapur RD,12.92135167,77.66653794
Intel,12.92749833,77.6795896
Marathahalli Bridge (ORR),12.96005833,77.70149403
Kalyananagar,13.02603,77.6380163
Kempe Gowda Bus Station,12.9775,77.57239968
Hotel Grand Ashoka,12.9915,77.58279967
Chikkalasandra Bus Stand,12.9152,77.55189969
Padmanabhanagara,12.917,77.55949968
Kathariguppe,12.9238,77.55369969
Rajajinagar/Navaranga,12.9979,77.55189969
Malleshwaram Bus Station,13.0086,77.56909968
Sadashivanagar Bhashyam Circle,13.006,77.57969967
Kuvempu Nagar (BTM Layout),12.9162,77.61619965
Dalmiya Circle (J.P. Nagar 3rd,12.9071,77.59511633
Vijaya College,12.939,77.57999967
Minerva Circle,12.9542,77.57999967
Hotel Windsor Manor (Le Meride,12.99400667,77.58509634
Corporation (Kasturba Road),12.9683,77.58669967
Hotel Le Meridean,12.99022778,77.58602745
Esteem Mall,13.04949444,77.59288855
Military Accounts Office (Trin,12.96676667,77.62088298
Command Hospital,12.96495,77.62564964
Hotel Leela Palace (Opp Royal,12.96002777,77.64764129
Borewell (Marathahali RD),12.95493333,77.6865996
Spice Garden,12.95646666,77.70901625
Kundalahalli Gate,12.95638333,77.71484958
Marathalli Bridge,12.95698333,77.70169959
HAL Main Gate (OPP),12.95843,77.66518794
Diamond District,12.96071667,77.64013296
Shivaji Nagar Bus Station,12.98395,77.60303299
Vasanth Nagar (Ambedkar Bhavan,12.9926,77.594883
Bamboo Bazaar,12.9925,77.60441632
Coles RD (Jn. Of Netaji RD),12.99633333,77.60709965
Venketeshpuram01,13.01061666,77.61504965
Thanisandra Petrol Bunk,13.04423333,77.62623298
Sarai Palya (Vidyasagar Cross),13.04726666,77.62848297
Ashwath Nagar (Telecom Colony),13.05241666,77.63111631
RK Hegde nagar,13.07323333,77.6337663
K Narayanapura Cross (RK Hegde,13.06795,77.63368297
RAK Apartments,13.06276666,77.63354964
Thinnasandra,13.0562,77.63298297
Vidyasagar Cross (Sarai palya),13.04741666,77.62859964
Thinnasandra Petrol Bunk,13.04463333,77.62668298
Jn. Of Nagavara,13.04043333,77.62444964
Railway Gate (Frazer Town),13.02546666,77.61984965
P and T Colony,13.01298333,77.61653298
CSI Hospital,12.99173333,77.60463299
Gandhi Statue (Chinnaswami),12.97745,77.59909966
Museum road,12.97435,77.59634966
Clarence School,13.00285,77.61643298
Charles School Bus Stop,13.00633333,77.62103298
Lingarajpura,13.01235,77.62569964
Hennur (Bagalur RD),13.02915,77.63379964
Kothanur,13.06155,77.64881629
Church Cross (Bagalur RD),13.08858333,77.65478296
Kannur,13.09308333,77.65424962
Tavakal Mosque,13.10591666,77.66489962
Chakkalatti,13.12228333,77.66823295
Bagalur,13.13458333,77.66798295
Hosur Bande,13.10611666,77.66086629
Kadasonnapanahalli,13.10145,77.65813296
Byrthi Bande,13.07771389,77.65332185
Bible College,13.0715,77.65156629
Gubbi Cross,13.06411111,77.65161629
Geddalahalli,13.05245,77.64604963
Hennur Bande,13.03685,77.6409663
Hennur Cross,13.0316,77.63593297
Kacharakanahalli,13.02105,77.62991631
Jyothi School,13.01586666,77.62916631
Siddagunta Palya,12.99015,77.65466629
Tin Factory,12.99703333,77.66919961
K.R. Puram Bus Stand,13.00816111,77.69257737
Siddaguntapalya Cross,12.99005,77.65508295
Trinity Circle (TAJ RESIDENCY),12.97161667,77.61963298
Anepalya,12.95141666,77.60526632
Adugodi,12.94376389,77.60779688
St Johns Hospital,12.92966666,77.61566631
Krupanidhi College,12.924,77.62834964
Madiwala Market,12.92216667,77.62201631
Koodlu Gate,12.88926667,77.64004963
Singasandra,12.87706667,77.64719963
P.E.S. College,12.85855,77.66256628
Konappana Agarahara,12.855,77.66536628
Electronic City (Hosur Rd),12.84746667,77.67139961
State Bank  (Electronic City),12.84559444,77.66526628
Ayyappaswami Temple (Madiwala),12.9241,77.61838298
ST John's Hospital,12.92888333,77.61538298
Garuda Mall,12.97005,77.60514966
M.G. Road (Mayo Hall),12.9733,77.60971632
Vivek Nagar Cross,12.9521,77.62073297
Depot - 15,12.94076667,77.62461631
Ibbalur,12.92125,77.66299961
Junnasandara Gate,12.91088333,77.68433293
Dodda Kannelli,12.9067,77.69731626
Ambedkar Nagar (Sarjapura Rd),12.89921667,77.71304958
Kodathi Gate,12.8966,77.72046624
Shoole Kunte,12.89243333,77.72843289
Choudenahall Gate,12.88163611,77.75673287
Dommasandra Circle,12.87961667,77.75366621
Chambenahalli Gate,12.87933333,77.76158287
Yamare Village,12.87225,77.76644953
Sompura Gate,12.86186667,77.7722662
Sarjapura,12.86128333,77.78571619
Sonkad Gate,12.86348333,77.7707662
Muttanalur Cross,12.88728333,77.73908289
Ambedkar Nagar,12.89908333,77.71299958
Railway Gate (Sarjapura RD),12.90213333,77.70649958
Carmeleram College,12.90343333,77.70398291
Kannelli,12.90721667,77.69546626
Junnasandra Gate (Opp),12.91068333,77.6845496
Kaikondanahalli,12.91393333,77.67763293
Parangi Palya,12.91586667,77.65156629
H.S.R Layout 14th Main,12.91576667,77.64891629
H.S.R BDA Complex,12.91586667,77.6384163
Koramangala 4th Block (Maharaj,12.93405,77.62993297
Maharaja Hotel,12.9366,77.62749964
Vivek Nagar Church,12.95186667,77.62103297
Mico (West Gate),12.94246944,77.60295521
Apollo Hospital (Bannerghatta,12.92746667,77.60051633
Arikere Gate,12.89031667,77.59804966
Loyala School Stop,12.87053333,77.59338299
Koli Farm Gate,12.84186667,77.58849966
Bannerghatta Circle,12.81386667,77.58144967
Basavanapura Gate,12.84623333,77.58819966
Bangalore Dairy Circle,12.93521667,77.60136633
Town Hall (N.R. RD),12.9636,77.58376634
Yediyur,12.93095,77.57656634
Deepak Nursing Home,12.9253,77.57696634
Dodda Kallasandra,12.88558333,77.55594969
Muneeshwara Temple (Kanakapura,12.86481667,77.5332497
Tata Silk Farm,12.8537,77.52343303
Agara Gate (Kanakapura RD),12.84886667,77.52203304
Kuppareddykere,12.84233333,77.51768304
Art of Living Ashrama,12.83681667,77.51593304
Kaggalipura,12.80258333,77.50896638
Salhunashe,12.81098333,77.51158304
Udaya palya,12.82021667,77.51354971
Saladoddi,12.83023333,77.51294971
IB College,12.83506667,77.51436638
Jyoti Farm,12.8596,77.52871637
Vajra gate,12.86426667,77.53278303
Thalagattarapura,12.86931667,77.5366997
Bayyanapalya,12.87485,77.54236636
Raghuvanahalli,12.88058333,77.54604969
Gubbalala Cross,12.88403333,77.55071636
Konanakunte Cross,12.89041667,77.56434968
Yelachana Halli,12.89875,77.57234968
Banashankari Bus Station,12.91765,77.57379967
South End Circle,12.93603333,77.58006634
Gunasheela Nursing home,12.94053333,77.576933
Gandhi Bazaar,12.94363333,77.57689967
Mahila Seva Samaj,12.952,77.57654967
Town Hall,12.96385,77.58406634
Sirsi Circle (Mysore Road),12.96025,77.55969968
M.C.T.C Bus Stand  (Big Bazaar),12.95363333,77.54414969
Kengeri Post Office (KST),12.91425,77.4814164
Syndicate Bank (KST),12.922,77.48411639
Kengeri Sat Town (KST),12.92493333,77.4853664
Church (KST),12.92861667,77.48663306
Shirke Apartment (KST),12.93188333,77.4877664
Nayandanahalli,12.94323333,77.5259997
Bapuji Nagar,12.95316667,77.54166637
Mysore Road Circle (Sirsi Circ,12.96008333,77.55646636
Anandpura Stop,12.9635,77.56758301
Magadi Road (5th Ph),12.97571389,77.55961913
Toll Gate (Magadi Road ),12.97415,77.54934969
Dasarahalli (Magadi RD),12.97848333,77.54171637
K.H.B Colony (Mysore RD),12.98093333,77.53581637
Summanahalli,12.98738333,77.51879971
Kottigepalya,12.98781667,77.51536638
Sunkadakatte,12.99016667,77.50438305
Anjananagar,12.98613333,77.4884164
Gollarahatti (Jn.of Nice Rd),12.98848333,77.4730164
Magadi Road (Raman Polytechnic,12.98608333,77.4781164
Bydarahalli,12.98508333,77.4827664
Hero Halli Cross,12.98761667,77.49326639
Kamakshipalya,12.98393333,77.52916637
Magadi Road (K.H.B Colony),12.98136667,77.5351997
Magadi Road (Dasarahalli),12.97893333,77.54108303
Magadi Road 10th Cross,12.97563333,77.55729969
Magadi Road 1st Cross,12.97556667,77.56311635
CPRI Gate,13.01511677,77.57688857
Widia Factory,13.04916667,77.49596639
Chikkabidarakallu,13.05215,77.4876664
Anchepalya,13.05496667,77.4798164
T C I (Tumkur RD),13.05873333,77.46608307
Adakamaranahalli,13.07006667,77.44529975
Dasanapura,13.07513333,77.43611643
Devayanapalya,13.07858333,77.42761643
Arsinakunte,13.07971667,77.42474976
T B stop (Nelamangala RD),13.0972,77.4013831
Colony (Nelamangala),13.09425,77.40541644
TATA Institute (IISC),13.01233333,77.56853301
Indian Express Circle,12.98400833,77.59753299
Jayamahal,12.99999166,77.59513022
Munireddypalya (J.C Nagar),13.00393333,77.59354966
Veterinary College (Hebbala),13.0295,77.586483
Hebbala (Canara Bank),13.03746667,77.589183
Kempapura,13.04956667,77.59264967
Allalasandra (Level Crossing),13.08466667,77.593533
Yelahanka Police Station,13.09528611,77.59411355
Yelahanka N.E.S Office,13.09826667,77.591033
Sharavathi Hotel (Yelahanka),13.0925,77.585833
Chikkabommasandra (New Town),13.09563333,77.57894967
Yelahanka (Sat Town) Bus stand,13.0957,77.57889967
Yelahanka Dairy Circle,13.09971666,77.57678301
Chikkabommasandra,13.08966667,77.57616635
Yelahanka (13th Main RD),13.093,77.586333
Kodigehalli Gate,13.05745,77.593583
Military Dairy Farm Gate,13.05745,77.59358299
BRV Parade Ground (PHQ),12.97938333,77.60234966
Super Talkies,12.96728333,77.56753301
Bull Temple RD,12.95625,77.56753301
Uma Theater,12.9536,77.56714968
Apex Bank,12.93703333,77.55401636
Nagendra 4th Cross,12.93723333,77.55206636
Avalahalli,12.93933333,77.5385997
Avalahalli BDA Complex,12.93938333,77.53808303
Girinagara,12.94061111,77.5458858
Muneshwara Block 5th Main,12.93873333,77.54238302
Nirmala Stores,12.93696667,77.55603302
Ganesh Bhavan,12.93831667,77.56687968
Ramakrishna Ashrama,12.94258167,77.56731635
Goodshed Road,12.96796111,77.56820801
Vidhan Soudha,12.97873333,77.59176633
K.R.Circle (Post Office RD),12.97526667,77.58576634
Mysore Bank (Post Office Rd),12.97295,77.58166634
Sujatha Talkies,12.9825,77.56279968
Ganeshgudi,12.9574,77.52851637
Vijayanagar (Depot-5),12.97181667,77.53768303
Gopalapuram,12.98078333,77.55839969
Lalbagh West Gate,12.9485,77.58011634
Telephone Exchange,12.9226,77.58361634
J.P. Nagar (6th Ph),12.90648333,77.57596634
J.P.Nagar,12.90635,77.57764967
Indira Gandhi Circle,12.91093333,77.57849967
Indiranagar 100 FT RD (6th Mai,12.97431666,77.6410663
Doopanahalli,12.9633,77.6416163
Domlur Bridge,12.95836667,77.64134963
Koramangala (IIPM),12.93436666,77.62373298
Central Silk Board (BTM),12.91728333,77.62263297
Raggigudda,12.91675,77.59371633
Udipi Garden(Btm Layout 16th M,12.91648333,77.61103298
Central Silk  Board Jn.,12.91671666,77.62129964
Canara Bank (IIPM Koramangala),12.93446667,77.62381631
Ncc Bridge (Koramangala),12.93843333,77.62911631
Ejipura Jn. (Srinivasagilu),12.93845,77.63256631
Thippasandra Cross,12.97435,77.64689963
Jeevan Bhima Nagar Police Stat,12.96761666,77.65543295
Srinagar,12.9442,77.55463302
Apex Bank (Srinagar),12.9419,77.55508302
Mysore Bank Colony,12.93873333,77.55278302
Kattriguppe,12.92523333,77.55029969
Kamakya (Depot-13),12.92376667,77.55411636
Devegowda Petrol Bunk,12.92238333,77.56029968
Kims Hospital,12.92456667,77.56433301
Jayanagar Water Tank,12.91673333,77.60669965
Udupi Garden,12.91664166,77.61068854
Kuvempu Nagar (BTM),12.91643333,77.61576632
Madiwal Ayyappa Temple,12.9233,77.61896632
Kendriya Sadhan,12.92676667,77.62064964
Koramangala (BDA Complex),12.93085,77.62223297
Koramangala (Opp Oasis Mall),12.93783333,77.62769964
Hero Honda,12.95521667,77.64133296
Indiranagar 100 FT RD (13th Ma,12.96855,77.64134963
Thippasandra Market,12.97245,77.65074962
DRDO (CV Raman Nagar),12.98436667,77.66101629
C V  Raman Nagara,12.98565,77.66401629
DRDO Gate,12.98118333,77.65804962
LRD Camp,12.98006667,77.65493295
CGHS,12.97866666,77.65374129
BEML Gate (Thippasandra),12.9761,77.65551629
State Bank (Jeevan Bhimanagar),12.96681667,77.66126629
Jeevan Bhima Nagar Bus Stand,12.96596666,77.65786629
Petrol Pump (Indiranagara),12.96768333,77.65464962
C.M.H Hospital,12.97841667,77.6461163
Indiranagar Police station,12.97728333,77.64093296
Indiranagar 6th Main,12.97403333,77.6411663
Indiranagar 13th Main Road,12.9682,77.6414163
Yarabnagar,12.91575,77.56944968
Banashankari (Mono Type),12.92230555,77.57032468
Banashankari (B.D.A. Complex),12.92458333,77.56469968
Sitha circle,12.93768333,77.54953302
Mysore Bank Colony (Girinagara,12.93853333,77.55331636
Srinivasa Nagar,12.93815,77.55649969
Srinagar,12.9443,77.55468302
Shastri Bakery,12.92315,77.573833
Kaveri Nagar,12.9192,77.56908301
Dayananda College (ISRO),12.90956667,77.56576635
Kumarswamy Layout Police Stati,12.90561667,77.56299968
Kumarswamy Layout Bus Stand,12.90305,77.56179968
Kims Hospital/Makkal Koota,12.96078333,77.57494967
Kalasipalayam,12.9639,77.57758301
Mahila Samaj,12.95305,77.57359968
National College,12.9497,77.57376635
M.M.Industries,12.92921667,77.57368301
Chikkalasandra,12.90841666,77.54828302
Sarige Nagar,12.9069,77.54576636
Uttarahalli Bus stand,12.905,77.54339969
Bank Colony,12.90991666,77.55036636
Chikkalasandra Cross,12.9117,77.55229969
Hunasemara,12.91985,77.574233
M M Industries,12.92921666,77.57368301
Basavanagudi Police Station,12.94211666,77.57374968
National College (K.R. RD),12.94965,77.57369968
Mahila Samaj (K.R. RD),12.95305,77.57366635
Makkala Koota,12.9573,77.57359968
Kalasipalyam Bus Stand,12.96363333,77.57664967
Kenchana halli,12.93176667,77.51566638
Kanakadas Circle (Double road),12.91463333,77.52069971
BEML 5th Stage,12.90996667,77.52106637
Channasandra (Swathi Clinic),12.90438333,77.52104971
Channasandra layout,12.9032,77.51696638
Srinivasa pura,12.90385,77.50859971
Channasandra layout (Uttarahal,12.9034,77.51586638
Channasandra (Uttarahalli RD),12.90265,77.52066637
BEML Complex,12.91941667,77.52034971
R.R. Petrol Bunk,12.93278333,77.51614971
Nayanda halli,12.94347206,77.52637821
Quality Biscuits Factory,12.94687222,77.53116637
Sirsi Circle,12.96026666,77.55953302
Ryan Circle,12.96048333,77.56806635
Binny Mill,12.97758333,77.57113301
Central (Rajiv Gandhi Circle),12.99675,77.57128301
Widia School,13.05076667,77.50771638
Saptagiri College,13.0667,77.50324972
Apartment (Nelamangala),13.07323333,77.50299972
Chikka Banavara,13.08185,77.50024972
Sante Maidan (Tumkur Road),13.08043333,77.50243305
Railway Gate (Chikka Banavara,13.07555,77.50471639
Saptagiri College,13.06685,77.50333305
Bone Mill,13.0639,77.50504972
Bagal Gunte,13.05731667,77.50713305
Link Road (Seshadripuram),12.99438333,77.57384968
R M C (Yeshwanthpura),13.02436667,77.54763302
S R S Kalyanamanatapa,13.03411667,77.5306497
Peenya (1st Stage),13.03613333,77.52516638
Morrison Factory,13.05045,77.49229973
Jindal Factory,13.0534,77.4838164
Madavara,13.05663333,77.47401641
Vishwashanti Ashrama,13.08281667,77.41893309
Nelamangala,13.09805,77.39453311
Janapriya  Apartment (Nelamang,13.09151667,77.40789977
Ashrama (Tumkur RD),13.08443333,77.41666643
Makali,13.06588333,77.45323308
Madanayakanahalli,13.06138333,77.46101641
Jindal Factory (Tumkur RD),13.05351667,77.48448306
Morrison,13.05071667,77.49223306
Peenya 1st,13.03623333,77.52536638
S R S (Tumkur RD),13.03451667,77.53038303
Goragunte Palya,13.02895,77.5399997
Yeshwantpur R M C,13.02056667,77.55251636
Govardhana Talkies,13.01775,77.55706636
Yeshwantapura,13.01816667,77.55849969
Carmel Convent (Jayanagara Eas,12.92703333,77.59293299
Sanjay Gandhi Hospital,12.92691667,77.59693299
Jayanagar Bus Station,12.92721666,77.58356634
Ashoka Pillar (Kankanapalya Rd,12.94365,77.58461634
Lalbagh West Gate (Minerva Cir,12.954,77.580033
Devaiah park Bus Stop,12.99658333,77.56238301
Shankar Matha Bus Stop,12.99626667,77.54008303
Basaveshwara Nagar Water Tank,12.99275,77.53876637
Basaveshwara Nagar 8th Main,12.98666666,77.55972191
Mariyappana Palya,12.99715,77.56038301
Harishchandra Ghat,12.99651667,77.56239968
Malleshwaram Circle Kuvempu Na,12.9943,77.57384968
Pipe line (Seshadripuram),12.99411667,77.57386635
Jayanagar East End,12.91696667,77.59686633
ITI Layout (MS Ramaiah Hospita,13.03383333,77.56861635
Kuvempu Circle,13.04376667,77.55781636
Doddabommasandra,13.05871667,77.55918302
Chamundeswari Layout,13.06478333,77.55949969
Vidyaranyapura 1st Block,13.07011667,77.55534969
Canara Bank (Vidyaranyapura),13.07006389,77.5553108
Vidyaranyapura Post Office,13.0763,77.55821636
Echala Mara (Vidyaranyapura),13.07959722,77.55926358
Vidyaranyapura Bus Station,13.08386667,77.56039969
Nagaland Stage,13.05596944,77.55750247
BEL Hospital,13.05008333,77.55751636
Malleshwaram 8th Cross,13.0003,77.56926635
Electronic City,12.84691667,77.67183294
Christ College,12.936,77.60741632
Lakkasandra,12.9441,77.59706633
Wilson Garden 10th Cross,12.94636667,77.59586633
Shanthinagar Bus Station,12.95441833,77.59233299
Corporation (Pallavi theater),12.96796667,77.59129966
Malleshwaram 6th Cross,12.99748333,77.56926635
Malleshwaram 15th Cross,13.00463333,77.57119968
TATA Institute Gate,13.01425,77.56698301
Ramaiah Hospital,13.02715,77.57173301
Dollars Colony (Devesandra),13.0362,77.56658301
BHEL circle,13.04606667,77.55661636
BHEL Hospital,13.04903333,77.55753302
Nanjappa circle,13.06895,77.55743302
BV Balige Circle,13.05593333,77.55786636
BEL Circle,13.04536667,77.55656636
Devasandra,13.03703333,77.56578301
M.S. Ramaiah Hospital,13.02716667,77.57174968
Sadashivanagar Police Station,13.01639166,77.5724219
TATA Institute,13.01441944,77.57090523
Malleshwaram 13th cross,13.00423333,77.56938301
Malleshwaram 10th Cross,13.00105,77.56926635
Malleshwaram circle,12.99825,77.56929968
Maharani collage,12.97711667,77.58556634
Subaiah Circle,12.96261667,77.59099966
Wilson Garden 12th Cross,12.94745,77.59813299
Cauvery  Bhavan,12.97373333,77.58151634
High Ground Police station,12.98368333,77.58849967
Mekhri Circle West,13.01482788,77.58339949
ESCORTS,13.09875,77.590433
Honnena halli,13.16288333,77.56594968
Sriramapura cross,13.1916,77.56323302
Suradevanapura Cross,13.20451667,77.55889969
Marasandra Cross,13.20778333,77.55728302
Mazar Hosahalli Cross,13.23411667,77.55056636
Doddaballapura Railway Station,13.27808333,77.55171636
Doddaballapura Govt hospital,13.2925,77.54423303
Doddaballapura Bus Station (Ol,13.2933,77.54221637
Doddaballapura Arali Katte Cir,13.29368333,77.5435997
Doddaballapura Industrial Area,13.28005,77.55161636
Navodaya/Bombay Ryan Factory,13.26931667,77.55213302
Bashettyhalli Bank,13.27021667,77.55206636
Yellapura/Mazar hosahalli Cros,13.25766667,77.55278302
Rajan kunte,13.18181667,77.56386636
Singanayakanahalli,13.1573,77.56721635
Avalahalli (Doddaballapur Rd),13.1443,77.56961635
Nagenahalli Gate,13.13145,77.57071635
C.R.P.F (Doddaballapur RD),13.12605,77.57368301
Ananthapura Gate,13.11500555,77.57895245
Puttenahalli,13.11033333,77.58011634
Railway Wheel Factory,13.10995,77.58021634
Kaveri Bhavan,12.97328333,77.58129967
Nanda Talkies,12.9334,77.58016634
Jayanagar 9th Main,12.91743333,77.583633
Kalyani Magnum JP Nagar,12.90131666,77.59496633
kalyani Magnum,12.90018333,77.59606633
R.V.Dental College,12.91101667,77.58569967
Jayanagar South End circle,12.93646666,77.58034967
R.V. Teachers colony,12.94443333,77.579983
Taj Residency (Trinity Circle),12.9734,77.61996632
Philips (RMZ Ulsoor Lake),12.98191667,77.62394964
Ulsoor,12.9791,77.62913297
Indiranagar Bus Depot,12.9826,77.63474964
N.G.E.F.,12.98783333,77.64979963
B Narayanapura (ORR),12.99536389,77.68455793
Mahadevapura (Cauvery Complex),12.99736667,77.6906496
Singayana Palya,12.99573333,77.69491626
ABB Centre,12.99305,77.70566625
Brigade Tech Park (ITPL),12.98753333,77.74056623
G.R.Tech,12.98686667,77.74324955
BPL (ITPL),12.9851,77.74843288
G.R.Tech (ITPL),12.98683333,77.74288288
Pattandura Agrahara,12.98893333,77.72719957
Big Bazar (ITPL),12.98795,77.73184956
Rajpalya (Whitefield RD),12.99111667,77.7211829
Hoody,12.99218333,77.71634958
Garudachar Palya,12.99376667,77.70194959
NGEF,12.98798333,77.65061629
Isolation Hospital,12.985,77.64329963
Indiranagar (Depot-6),12.9825,77.63506631
D'suoza Circle,12.96683333,77.60973298
Manipal Hospital,12.95972007,77.65074457
Varthur,12.939875,77.74741344
KKR School,12.93796666,77.74669955
Vinayaka Nagar,12.93635277,77.74479955
Gunjur,12.92097777,77.73466345
Ramagondanahalli,12.95704722,77.73906622
Tubarahalli,12.95571389,77.72264679
Rajeshwari (Old Airport RD),12.95906667,77.66253295
Shoollay Circle,12.96648333,77.60901632
BEML Layout (ITPL),12.96096667,77.71656625
AECS  Layout,12.96508333,77.71824957
CMRIT College (ITPL),12.96763333,77.71401625
Kundalahalli  colony,12.96981944,77.71262458
SAP Labs India,12.97773333,77.71486625
KTPO,12.97706666,77.72116624
Vaidehi (Depot-18),12.97658333,77.72689957
Sathya Sai Hospital,12.98421667,77.72896624
BSNL Office (Whitefield RD),12.99061666,77.75533288
Sri Sathya Sai Hospital,12.98345,77.72866624
SAP (ITPL),12.97756666,77.71491624
Manipal Center (Near M.G. RD),12.97548333,77.61393298
AladaMara (ORR),12.9755,77.50964971
Ambedkar College,12.96046667,77.50463305
Thegumbe Cross,12.96035,77.50501639
Vinayaka Layout 12th Cross,12.96001667,77.51490527
Vijayanagar,12.97215,77.53793303
Bhashyam Circle (Rajajinagar),12.984,77.55413302
Rajajinagar Bhashyam Circle,12.98381667,77.55411636
Rajajinagar 6th Block,12.97891667,77.55349969
Attiguppe,12.95768333,77.5339497
N.G.E.F Layout (Malathahalli R,12.96113333,77.51036638
Papareddy Palya,12.97183333,77.50763305
Temple (Mahalakshmi Layout),13.0085,77.54408302
Navarang Bus Stand,12.99628333,77.55138302
E.S.I. (Rajaji Nagar),12.99011667,77.55296636
Dr Rajkumar RD (Old Police Sta,12.9899,77.55561636
Ram Mandira,12.9863,77.55623302
St.Joseph College,12.97074722,77.60457466
Muneeshwara Temple,12.95646667,77.70901625
Kundalahalli,12.96521667,77.71839957
Rajajinagar Entrance,12.98441667,77.55721636
Rajajinagar old police station,12.98925,77.55439969
Basaveshwara College,12.9939,77.55266636
Navaranga,12.99831667,77.55099969
Mahalakshmi Layout Entrance,13.00766667,77.54849969
Mahalaxmi Temple,13.00828333,77.54531636
Mahalakshmi Layout Bus stop,13.01193333,77.54396636
Dasarahalli Kere,12.985,77.54516636
Okalipuram,12.98211667,77.56741635
Palandua Agrahar Gate,12.98788333,77.73374956
Wilson Garden,12.9516,77.59494966
Bangalore Dairy Circle (Christ,12.9365,77.60668298
Veerasandra,12.83995,77.67708293
Anekal Chandapura,12.80273333,77.70414958
Anekal Chandapura Circle,12.80135,77.70278291
Ramakrishnapura Gate,12.78523333,77.70184958
Anekal Cross,12.70531667,77.69111626
Anekal,12.70531667,77.69113292
Vandanahalli,12.7246,77.70344958
Bedaganahalli,12.75146667,77.70384958
Naganayakanahalli,12.76853333,77.70073291
Ram Mandira,12.98418333,77.55728302
Bhashyam Circle,12.98455,77.55401636
Havanur Circle,12.98801667,77.53771637
Basaveshwara Nagar,12.98848333,77.53401637
Poornima Talkies (Lalbhagh RD),12.96068333,77.58794967
R.V Teachers Colony,12.94373333,77.581083
Jayanagar 1St Block,12.93641667,77.584083
Jayanagar 4th Block,12.92713333,77.59161633
Jayadeva (Nival Tech),12.91673333,77.60311633
Central Silk Board (ORR),12.91758333,77.62351631
Wipro,12.83928333,77.65949962
Jayanagara (Kempe Gowda School,12.92158333,77.59701633
Jayanagar Pump House,12.91733333,77.59691633
Jayanagara 4th T Block,12.9263,77.58794967
Church Bus Stop,12.92721667,77.58356634
Jayanagar 4th Block (Bus Stati,12.927665,77.58359467
Jayanagar 3rd Block,12.93156667,77.583933
Jayanagara Madavan Park,12.94221667,77.58516634
Ashoka Pillar,12.9446,77.580033
Guddada Halli,12.78818333,77.73689955
Attibele,12.7783,77.77129953
Yedwanahalli,12.78516667,77.75131621
Guest Line,12.78655,77.74199955
Neraluru (Attibele RD),12.79175,77.72963289
Tirumgondanahalli,12.7938,77.72184957
Hale Chandapura,12.80118333,77.71236624
Hennagara cross,12.80635,77.69924959
Indian Express Stop,12.98398333,77.59741633
Forum Mall (Hosur RD),12.93411666,77.61233298
Johnson Market,12.96538333,77.60684965
ST Marks RD,12.97381667,77.60148299
M G Road,12.97441667,77.61413298
AMC College,12.82896389,77.58765522
Venkatadri Cross,12.89853333,77.59466633
K.R.Circle,12.97533333,77.58696634
K H Road,12.958,77.59299966
HSBC Bank,12.89248333,77.59884966
Begihalli,12.79206667,77.60234965
Hara Gadde,12.75778333,77.65236629
Madapatna,12.77006667,77.6422663
Jigani,12.78528333,77.63569963
Himagiri (Bannerghatta RD),12.86208333,77.59048299
Jayadeva Jn. (Hospital),12.91878333,77.60004966
Kengeri Housing Board Qrts,12.93313333,77.48808306
Kengeri Upanagar,12.92411667,77.48489973
BGS Health City,12.90256667,77.49798305
Omkar Ashrama,12.90471667,77.50461638
Channasandra,12.90258333,77.52039971
Arehalli,12.90835,77.53771636
Uttarahalli Circle,12.90576667,77.54269969
K.R. Hospital (Uttarahalli),12.90676666,77.54578303
Uttarahalli Bank Colony,12.9084,77.54849969
Electronic City 2nd Phase,12.84781389,77.67089961
Electronic City 1st Phase,12.85416667,77.66558294
Purnaprjna Water Tank,12.90838333,77.5345497
Padavalamma Temple,12.90498333,77.52873304
Gurukul School (Uttarahalli Ro,12.90446667,77.52706637
BGS Main Gate,12.90701389,77.49897472
Savan Darshan Ashrama,12.90965,77.49274972
VES School Cross (Uttarahalli,12.90761667,77.48899972
Uttara Halli Cross,12.91198333,77.48484973
Kengeri Post Office,12.91418333,77.4813664
Yelahanka New Bus stand,13.10718333,77.57566634
Yelahanka 4th Phase Bus Stand,13.10621666,77.57283301
Shivananda circle,12.98581667,77.57489968
Shivananda stop,12.98593333,77.57474412
Hebbala kempapura,13.048,77.59206633
Yelahanka 5th phase,13.10681666,77.57664968
I.A.F/Mekheri Circle,13.0188,77.584033
Palace Grounds/Mekhri circle,13.01758333,77.58396634
Majestic (KBS),12.97833333,77.57209968
Military Accounts Office,12.96691667,77.62076632
Mayo Hall (Victoria RD),12.9667,77.61248298
Mallya Hospital,12.97026666,77.59431633
Mysore Bank Circle,12.9722,77.582333
R.M. Guttahalli,12.9987,77.58411634
Mekhri (Palace ground),13.01061667,77.58379967
Gangenahalli,13.02231667,77.58434967
C.B.I (Bellary RD),13.02908333,77.58639967
Basavapura,12.84673333,77.58826633
Nice Road,12.84623333,77.58819966
Himagiri,12.86208333,77.590483
Venkatadri Cross (Bilekahalli),12.89853333,77.59466633
Bilekallahalli,12.90086666,77.60113299
Honey Well (Bannerghatta Road),12.88721667,77.59691633
Hulimavu,12.88148333,77.59593299
Meenakshi Temple,12.8742,77.59456633
Kadena Agrahara,12.86588333,77.59176633
Gottigere Stop,12.85603333,77.58886633
Kalkere,12.83261667,77.58898299
Bannerghatta National Park,12.80133333,77.57679967
Madiwala Check Post (Big Bazar,12.9339,77.61093298
Kormangala Water Tank (VIT),12.92925,77.62173298
Marathahalli P/O (Varthur Rd),12.95518333,77.68871627
HAL Kalyan Mantap,12.9545,77.67981627
Murigesh Palya,12.9592,77.65623295
Manipal Hospital (Opp Leela pa,12.95943333,77.65069962
Kormangala BDA Complex,12.93128333,77.62246631
Kempapura (ORR),13.04371667,77.60111633
Veeranapalya,13.0422,77.61361632
Kalyannagar,13.02628333,77.63808296
Babusab Palya Jn.(80 Feet Road,13.0226,77.64768296
Doddanekkundi,12.97945,77.69484959
Marathahalli Multiplex Bridge,12.9516,77.69968292
ECO Space (RMZ),12.9286,77.6817996
Bellandur Gate (ORR),12.92596667,77.67619961
Jayadeva (ORR),12.91658333,77.59968299
Central Silk  Board (ORR),12.91764833,77.62405131
Sarjapur Cross,12.92111667,77.66618294
AKME Apartments (ORR),12.92283333,77.66999961
Veeranapalya (ORR),13.04188889,77.61391354
HSR Layout,12.91588333,77.63768296
Hebbala Dairy Gate,13.048,77.59206634
G.K.V.K (Bellary RD),13.07418333,77.592733
Jakkur Aerodrome,13.07478333,77.59261634
Govt. School (New Town),13.09985,77.57678301
Nagavara,13.04011667,77.62439964
Hennuru (ORR),13.02771667,77.63303297
Mahadevpura,12.99133333,77.68736626
Kartik Nagar,12.96835,77.70156626
Kartika Nagar,12.96835,77.70156625
Mahadevpura (ORR),12.99115,77.68736627
Rammurthynagar/Channasandra,13.01118333,77.66228295
Banaswadi,13.0193,77.65546629
Babusab Palya,13.02251666,77.64759963
Hennuru Jn. (ORR),13.0274,77.63323297
Nagawara Jn.,13.04068333,77.62378297
IBM Manyatha Tech Park,13.04113333,77.62009965
Hebbala (ORR),13.04288333,77.59119134
Vijayanagar Bus Station,12.97195,77.5378997
Depot 5 (Vijayanagar),12.96381667,77.5345497
Deepanjali Nagar (Depot -16),12.95188333,77.53716637
Veerabhadra Nagar,12.93786667,77.53376637
Dwaraka Nagar,12.93415,77.5385497
Deepanjali Nagara (DEPOT-16),12.95121667,77.53721637
Adi Chunchanagiri Matta,12.97386667,77.54593302
Mysore Road Tolgate,12.95796666,77.55411635
Shivanahalli,12.9908,77.55093302
West Of Choard Road(Navarang),12.99978333,77.54983302
Chowdeshwarinagar Bus Station,13.03286667,77.55389969
Mattikere,13.0342,77.55768302
Toll Gate (Yeshwanthpura),13.01761667,77.56086635
Yeshwantpura Bus Stand,13.0182,77.55746636
Govt Soap Factory,13.01306667,77.55439969
Mahalakshmi Layout,13.01168333,77.54414969
Modi Circle,12.99961667,77.54991636
Basava Mantap Stop,12.99553333,77.55081636
Rajajinagar Power Station,12.98955,77.55058302
Industrial Town,12.98495,77.54906636
Magadi Road Tolgate,12.982,77.54911636
Kaderenahalli Cross,12.91361667,77.56726635
Sarjapur Jn (ORR),12.92108333,77.66553295
S.J.R.I Park,12.98132777,77.72773846
BTM MICO Layout,12.9166,77.60444966
Indira Nursing Home,12.92913333,77.56458301
Manuvana,12.97398333,77.54473302
Dhobi ghat,12.98716667,77.55098302
Manjunath Nagar/Modhi Hospital,12.99471667,77.55094969
Rajajinagar 1st Block,13.00348333,77.55003302
Mahalakshmi Layout Cross,13.00836667,77.54881636
Iskcon Temple,13.01171667,77.55144969
Yeshwantapura Toll Gate,13.01758333,77.56089968
Deewanar Palya,13.02686667,77.56179968
M S Ramaiah college,13.02845,77.56179968
Kengunta Circle,12.96035,77.50501638
Chandra Layout,12.9583,77.52628303
R.V. Dental College,12.911,77.58576633
Rajarajeswari Police station,12.91288333,77.52084971
Jn of Sarjapura Road,12.92108333,77.66553294
Palandur Agrahara Cross,12.98798333,77.73194956
Rajarajeswari Jn.,12.93595,77.51836638
Rajarajeswari Temple,12.92781667,77.51114971
Ideal Home Circle,12.92446667,77.51819971
BEML 3rd Stage,12.92275,77.51851638
BEML 5th stage Bus stand,12.9068,77.52128304
Post Office (Kengeri),12.91418333,77.4813664
R.V. College,12.92525,77.49928305
Hope Farm,12.98391667,77.75254955
Kadugodi Bus Station,12.99568333,77.75843287
Jayaram Dass( Kenhan Halli),12.93108333,77.50618305
R.V.Teachers Colony,12.92525,77.49928305
Ganesha Temple (Mysore RD),12.91136667,77.4803164
Railway Station (KST),12.91653333,77.48224973
Gurappanapalya,12.91945,77.60001633
Jakkasandra,12.92408333,77.63948296
Marathahalli Jn,12.95701667,77.70001626
Jn. Of Sarjapura Rd,12.86095,77.78338285
Marathahalli (Mulitplex ORR),12.95395,77.70023292
Kumarswamy Layout,12.9034,77.56189968
ISRO Layout,12.89883333,77.55798301
HSR (Depot-25),12.91981667,77.64288296
ITPL,12.98748333,77.73714956
ITPL Back Gate,12.98633333,77.73179956
I Gate (Perot Systems),12.97728333,77.71804957
Graphite India Limited,12.97721667,77.71001625
Marathahalli Bridge,12.95676666,77.70166625
J.P.Morgan,12.94245,77.69689959
Kadabisanahalli,12.93953333,77.69541626
New Horizion College (ORR),12.93596667,77.69183292
Devarabisanahalli,12.92976667,77.68473293
H.S.R. Layout (Depot-25),12.91973333,77.64308296
HSR 14th Main,12.91591667,77.6376663
HSR SI Apartment,12.91666667,77.62914964
Kormangala 100 Feet Road,12.93783333,77.62769964
Narayana Hrudayalaya,12.80963333,77.69631626
Bommasandra,12.81638333,77.69081626
Hebbagodi,12.82561667,77.68296627
Huskur Gate,12.83543333,77.6793496
Nayandhalli Cross,12.94506667,77.52853303
Garaje (DEPOT-5),12.9647,77.53478303
Maruthi Mandir,12.96763333,77.53606637
N.G.E.F Layout,12.96096667,77.50936638
R P C Layout,12.95798333,77.53393303
Nayandahalli Jn,12.94503333,77.52916637
Hoskere Halli Cross,12.9336,77.5394497
Hoskere Halli,12.9306,77.54339969
Janata Bazar (Kathariguppe),12.92818333,77.54601636
Hoskerehalli Cross (ORR),12.92971667,77.54419969
Hoskerehalli Petrol Bunk,12.93305,77.54008303
PES college (ORR),12.93511667,77.53661637
BHEL Gate (Mysore Road),12.94971667,77.53678303
Income Tax Layout,12.96,77.53201637
Nagarabhavi Circle,12.95851667,77.51891638
Nagarabhavi BDA Complex,12.97946667,77.51191638
Mono Type (Banashankari),12.92176667,77.57056635
Marenahalli,12.91688333,77.588983
Jayanagar  9th BL East,12.91685,77.59681633
BTM 16th Main,12.91646666,77.60866632
BTM Layout,12.9162,77.61626631
Infosys Main Gate,12.84545,77.66506628
PES College (Hosur),12.8582,77.66246628
Hosa Road Jn.,12.86916667,77.65369962
BTM Water Tank,12.91658333,77.60719132
MICO Layout,12.91668333,77.60413299
Jayanagar 9th block East,12.91685,77.59681633
Marenahalli Petrol Bunk,12.91691667,77.58871634
Jayanagar 5th BL East,12.91726667,77.583633
Sangam Circle,12.91773333,77.57729967
Mini Zoo (KIMS Hospital),12.9265,77.56131635
Gowdana Palya,12.91193333,77.55853302
Mekhri Circle East,13.01493188,77.58491081
Queens Road,12.98883669,77.59933173
Dickenson Road,12.98081336,77.61141317
Jn Bhaskaran and GC Rd,12.97565768,77.62007552
