Name,Latitude,Longitude,Timings
Purva Skydale bangalore,12.894033,77.6623617,10:45
Salarpuria Sattva Cadenza bangalore,12.889441,77.6402211,09:30
Shriram Summitt bangalore,12.8360678,77.6672418,09:15
Shriram Luxor bangalore,13.085249,77.6549154,08:15
Ecolife Elements Of Nature bangalore,12.9387277,77.7311262,10:30
Salarpuria Sattva East Crest bangalore,13.043223,77.7482414,09:45
Shriram Greenfield Phase 1 bangalore,13.0708496,77.7512724,08:30
Century Infiniti bangalore,12.8975268,77.6772502,09:45
Vaswani Exquisite bangalore,12.98979,77.7242795,09:00
Vaishnavi Gardenia bangalore,13.0425402,77.5194121,08:45
Bren Edgewaters bangalore,12.9022215,77.6699666,10:45
DSMAX SAROVAR bangalore,12.7815368,77.7818487,10:15
Niranjan Tridha bangalore,12.8810058,77.6361614,08:00
Bren Imperia bangalore,12.9068814,77.671808,10:30
Nandi Citadel bangalore,12.8613592,77.6068838,11:00
Sobha Avenue bangalore,13.0287887,77.7496788,09:15
Provident Sunworth bangalore,12.8818045,77.4705858,09:30
Purva Northern Waves bangalore,13.0630984,77.6629563,10:30
Prestige Falcon City bangalore,12.885663,77.563775,08:15
Mahaveer Ranches bangalore,12.8783657,77.6708668,10:30
SNN Raj Etternia bangalore,12.8905902,77.6681103,08:00
Karsten Palm Groves bangalore,12.7741873,77.6961678,08:45
Salarpuria Sattva Celesta bangalore,13.018456,77.703632,09:45
DSMAX SKYCITY bangalore,13.0810365,77.6343988,10:15
Meda Greens bangalore,12.9206595,77.4926622,08:00
Phoenix One Bangalore West bangalore,13.0097168,77.5540958,10:45
Salarpuria Sattva Greenage Phase II bangalore,12.9024372,77.6313115,08:15
Mahidhara Fortune City bangalore,12.7748955,77.7830251,08:30
Candeur Carlisle bangalore,12.9969877,77.6899549,09:15
Arya Hamsa Grande bangalore,12.8595081,77.574026,08:30
Pashmina Waterfront bangalore,13.0244407,77.7116346,08:45
Purva Palm Beach bangalore,13.0631903,77.6626025,08:15
Prestige Song Of The South bangalore,12.8620814,77.6137471,09:45
Skylark Ithaca bangalore,13.0124263,77.7355337,08:00
Salarpuria Sattva Laurel Heights bangalore,13.060724,77.507677,08:45
Sumo Sonnet bangalore,12.889868,77.6488791,08:15
Kritan Ira bangalore,12.8211271,77.660999,08:30
MDVR Byrathi Residency bangalore,13.0536883,77.6572283,09:30
Candeur Landmark bangalore,12.9218714,77.7373607,09:15
Sterling Ascentia bangalore,12.92889,77.681633,08:15
Vaishnavi Terraces bangalore,12.904254,77.599514,09:45
Sobha Dream Acres bangalore,12.9391021,77.7376639,11:00
PSR Krish Kamal bangalore,12.8404406,77.6435767,09:15
GP North Avenue bangalore,13.0827637,77.622828,09:45
Hiren High Cliff bangalore,12.9124433,77.6517185,10:30
JR Nexus bangalore,12.7715636,77.7018348,11:00
G Corp The Icon bangalore,13.0473654,77.6254839,11:00
Mahendra Aarna bangalore,12.8348265,77.6910718,10:45
Mittal Elanza bangalore,13.1036043,77.6208274,10:30
Mantri Energia bangalore,13.0543825,77.6194839,08:45
Prestige Misty Waters phase 1 bangalore,13.046145,77.601622,09:45
Sobha Heritage bangalore,12.9312565,77.5290121,09:30
The County Address bangalore,12.8807869,77.7875912,08:30
Rohan Akriti bangalore,12.8904448,77.538187,10:45
Salarpuria Sattva Divinity bangalore,12.9403192,77.5252055,11:00
Casagrand Lorenza bangalore,13.099928,77.6331637,11:00
Premier Inspira Maplewood bangalore,12.9054239,77.6993194,08:30
Orchid Whitefield bangalore,12.9643023,77.7575018,11:00
The Central Regency Address bangalore,12.9210342,77.6706402,08:15
Ahad Excellencia bangalore,12.8825179,77.6905147,10:30
Janaadhar Shubha Phase II bangalore,12.7379428,77.7343688,09:15
Keerthi Royal Palms bangalore,12.8622252,77.6605814,08:15
Prestige Pine Wood bangalore,12.9312272,77.6345867,09:00
Durga Petals bangalore,12.9757699,77.6972803,09:15
Premier Inspira Maplewood bangalore,12.9054239,77.6993194,10:30
The Central Regency Address bangalore,12.9210342,77.6706402,08:30
Assetz Marq bangalore,13.0244172,77.7619875,10:45
Mana Tropicale bangalore,12.8800875,77.6928716,08:15
DSR Waterscape bangalore,13.0452085,77.6794603,10:45
Tata New Haven bangalore,13.1023847,77.441715,08:45
Total Environment Learning To Fly bangalore,12.9054503,77.5830406,10:45
Hiranandani Queensgate bangalore,12.8740261,77.6100293,08:45
Arge Urban Bloom bangalore,13.0259697,77.5329519,09:30
Prestige Bagamane Temple Bells bangalore,12.9307632,77.5217595,08:30
Brigade Exotica - Azure Tower bangalore,13.0443079,77.7450129,11:00
Celebrity Serenity bangalore,12.795757,77.650302,09:00
Prestige Tranquility bangalore,13.0655118,77.743832,10:15
Smart Homz Blue Bells bangalore,12.7851117,77.7770002,10:15
Brigade Caladium bangalore,13.0559515,77.596732,11:00
S2 Homes The Water Grove bangalore,12.8368015,77.6871048,10:15
Assetz 63 Degree East bangalore,12.8853283,77.7047401,09:15
CoEvolve Northern Star bangalore,13.081174,77.625001,10:15
Purva Sunflower bangalore,12.9758193,77.5570922,08:45
Upkar Oakland bangalore,12.7813035,77.7622283,09:45
Sashank Advaith bangalore,12.8917332,77.6816863,10:45
SMD Altezz bangalore,12.99911,77.7526073,09:45
Chowriappa Constellation bangalore,13.0547139,77.6465134,08:00
The Phoenix Mills Kessaku bangalore,13.0107038,77.5536372,10:45
Orchid Greens bangalore,13.0879221,77.6554441,08:00
Embassy Boulevard bangalore,13.1479839,77.6389992,09:00
Century Breeze bangalore,13.0958355,77.6011008,08:45
The Phoenix Mills Kessaku bangalore,13.0107038,77.5536372,11:00
Prestige Royale Gardens bangalore,13.1395085,77.5706395,09:45
Brigade Panorama bangalore,12.8870631,77.4537078,11:00
SJR Palazza City bangalore,12.9046539,77.6984995,08:30
Garuda Vista bangalore,12.9852446,77.6867056,09:00
Sri Nandana Royal bangalore,12.8337182,77.7014436,09:15
Vaishnavi North 24 bangalore,13.052728,77.597305,10:30
Prestige West Woods bangalore,12.9776982,77.5647402,10:15
Bren Champions Square bangalore,12.901324,77.7085945,09:30
Beverly Hills bangalore,12.8912793,77.5392322,08:00
Arge Helios bangalore,13.0654977,77.6515365,08:45
SOBHA Arena - The Park bangalore,12.8642033,77.53674,09:30
GK Tropical Springs bangalore,12.9846992,77.7761359,09:30
Gravity Nakshatra bangalore,13.073371,77.8041139,10:15
Brigade Cosmopolis - Phase 1 & 2 bangalore,12.9621546,77.7461421,09:45
Gopalan Olympia bangalore,12.8753163,77.4501207,08:45
Legacy Cirocco bangalore,13.087229,77.596148,08:45
Vajram Tiara bangalore,13.1377116,77.5693818,08:30
Century Ethos bangalore,13.0616882,77.5950079,08:00
Frontier Heights bangalore,12.9055155,77.6756456,08:45
Whitestone Rosario bangalore,13.013394,77.735935,10:30
Casagrand Royce bangalore,13.0095427,77.7301136,08:00
Sowparnika Purple Rose bangalore,13.0996181,77.8114343,09:15
Casagrand Esmeralda bangalore,12.8356242,77.7668846,11:00
Mahaveer Zephyr bangalore,12.900891,77.6193205,09:15
Valmark Orchard Square bangalore,12.870642,77.5860474,09:45
Purva Highland bangalore,12.8539676,77.5446017,09:15
Vasathi Avante bangalore,13.0606229,77.6222783,09:30
Brigade Lakefront - Amber Block bangalore,12.9789932,77.7113528,08:15
Vajram Elina bangalore,13.0781,77.6373728,10:45
Gopalan Lake Front bangalore,12.8377608,77.6764512,09:30
Shriram Southern Crest bangalore,12.9058075,77.5723024,08:30
Bavisha Urban Homes bangalore,12.8594994,77.765354,09:15
Mantri Serenity bangalore,12.8869436,77.5513736,08:15
Salarpuria Sattva Misty Charm bangalore,12.8638771,77.5432976,08:00
Hara Vijaya Heights bangalore,12.8634786,77.526696,09:15
ELV KingsLand bangalore,12.9694606,77.7414335,09:00
MBR Shangri La bangalore,12.9218502,77.4926026,10:30
Keya Homes The Green Terraces bangalore,12.8220091,77.6563314,08:15
SNN Clermont bangalore,13.0412129,77.6093979,10:30
Mahaveer Turquoise bangalore,12.8672756,77.6441932,09:30
TATA The Promont bangalore,12.9208104,77.5367614,08:00
NVT Life Square bangalore,12.9754639,77.7639204,10:15
Ozone WF48 bangalore,12.9954655,77.6948322,09:15
Sobha Royal Pavilion bangalore,12.8962858,77.702125,11:00
Saiven Siesta bangalore,12.8888172,77.7683326,11:00
Salarpuria Sattva Northland bangalore,13.082285,77.654127,10:45
Legacy Eldora bangalore,13.102545,77.623708,09:15
Pride Enchanta Phase II bangalore,12.9478889,77.5353712,09:30
Vriksha by Provident bangalore,12.9960104,77.4848412,08:45
Mahaveer Cygnet bangalore,13.1024979,77.617163,08:45
Mahaveer Palatium bangalore,12.7579595,77.6143312,09:00
Sashank Aavaas bangalore,13.1041866,77.5473949,09:15
Brigade Woods bangalore,12.9783211,77.7338514,09:00
Vaishnavi Oasis bangalore,12.8735596,77.5638325,09:30
Bren Woods bangalore,12.8617047,77.6832261,10:15
KVG Grandeur bangalore,13.0274574,77.6900306,09:00
Godrej Air bangalore,12.9886656,77.7118501,11:00
Bhartiya City Nikoo Homes II bangalore,13.085357,77.644525,09:00
KVG Grandeur bangalore,13.0274574,77.6900306,09:30
Vaishnavi Oasis bangalore,12.8735596,77.5638325,09:15
NCN Swasthi bangalore,13.0187542,77.6305949,08:15
Godrej Air bangalore,12.9886656,77.7118501,10:15
Sashank Aavaas bangalore,13.1041866,77.5473949,08:30
L&T Raintree Boulevard bangalore,13.0690275,77.5907992,10:45
Aparna Elina bangalore,13.0200021,77.5518105,10:30
Eden and Serene at Brigade Cornerstone Utopia bangalore,12.9344677,77.7439053,09:00
Bren Woods bangalore,12.8617047,77.6832261,08:00
DNR Casablanca bangalore,12.9941357,77.6892331,09:45
Suvastu Oak Leaf bangalore,12.8810346,77.7602039,08:30
Mahaveer Horizon bangalore,13.00245,77.708823,10:45
DSMAX SKYCLASSIC bangalore,12.8178837,77.6708954,08:15
Godrej Reserve bangalore,13.2417155,77.7137306,10:30
GR Elysium 3 bangalore,13.0000972,77.7514952,09:45
DSMAX SKYSCAPE bangalore,13.0550595,77.6830226,08:00
Shri Sai Mounika Park Vesta bangalore,13.0415694,77.6487652,08:15
Mahindra Lifespace Windchimes Phase II bangalore,12.88624,77.597681,10:30
Goyal Orchid Woods bangalore,13.0663138,77.6507041,08:00
Sai Charan Hill View bangalore,12.8904203,77.5148337,10:30
Prestige Kew Gardens bangalore,12.9481617,77.6809412,10:30
Deccan Habitat bangalore,13.029479,77.545092,08:15
Klassik Landmark Phase 2 bangalore,12.8956917,77.6775754,08:45
Sobha Morzaria Grandeur bangalore,12.9339158,77.6019266,08:45
Poorvi Shreenivasa Grand bangalore,12.885729,77.537075,11:00
DSMAX SAVERA bangalore,12.9060634,77.5403467,08:45
NVT Mystic Garden bangalore,12.7924016,77.7792542,08:30
GRC Subhiksha bangalore,12.8848843,77.6819939,09:15
Rohan Iksha bangalore,12.9266782,77.6990608,09:15
DNR Reflection bangalore,12.9240559,77.668665,11:00
Vaishnavi Serene bangalore,13.1241534,77.5672242,08:15
Uber Verdant bangalore,12.906937,77.699942,08:15
Aashrayaa Eternia bangalore,12.8842757,77.6279557,08:00
Tirumala Heights bangalore,12.878639,77.672014,09:30
Total Environment Pursuit of A Radical Rhapsody bangalore,12.99143,77.7205139,09:30
New Dawn bangalore,12.8640688,77.6979503,11:00
SJR Blue Waters bangalore,12.8847986,77.6675021,09:45
Salarpuria Sattva Opus bangalore,13.0445527,77.5088305,11:00
Embassy Lake Terraces bangalore,13.0499669,77.5933108,09:30
Yuva Eka bangalore,12.8759951,77.6421833,08:15
Grand Gandharva bangalore,12.9320964,77.5102245,08:30
LGCL New Life Villas bangalore,12.884808,77.685152,09:15
Reliaable Residenza bangalore,12.8656562,77.690064,08:00
NBR Trifecta bangalore,12.8381526,77.8432415,09:15
Cynosure White Spaces bangalore,12.9899643,77.7818536,10:15
Vaswani Walnut Creek bangalore,12.8935672,77.6938473,09:00
Reliaable Dollar Colony bangalore,12.8681733,77.6951194,09:45
The Lake View Address bangalore,12.833466,77.669921,09:30
Provident Rays Of Dawn bangalore,12.8816933,77.4716101,09:30
Godrej Eternity Life Plus bangalore,12.8561767,77.5418038,08:15
GAG Classic Amrutha bangalore,12.8750421,77.5439551,09:45
Peninsula Heights bangalore,12.915558,77.592652,10:30
The Address Makers Serenity bangalore,12.92781,77.632888,09:30
GR Regent Park bangalore,12.8551283,77.5936002,08:15
Purva 270 bangalore,12.9863396,77.6670031,08:00
Concorde Spring Meadows bangalore,13.064828,77.5051758,10:45
Emmanuel Heights bangalore,12.8921796,77.6738289,08:15
Salarpuria Sattva Greenage bangalore,12.9024372,77.6313115,09:15
Brigade Panorama Phase II bangalore,12.8870631,77.4537078,08:00
Total Environment In That Quiet Earth bangalore,13.0527303,77.677491,10:15
DSR White Waters Phase II bangalore,12.9174004,77.7168506,08:30
Salarpuria Sattva Senorita bangalore,12.9105194,77.6825606,09:15
Prestige Lake Ridge bangalore,12.8968323,77.5411672,09:00
Brigade 7 Gardens bangalore,12.895314,77.5302144,08:30
Godrej United bangalore,12.9943081,77.7044977,09:30
MJR Clique Hydra bangalore,12.8294758,77.6661048,11:00
Legacy Vivienda bangalore,13.1857708,77.6603103,10:45
Total Environment After The Rain bangalore,13.1573953,77.6016927,09:15
VBC Oracle Heaven bangalore,13.0730645,77.6437319,08:00
Assetz Soul & Soil bangalore,12.930827,77.538199,09:45
Bhartiya City Nikoo Homes bangalore,13.085357,77.644525,09:30
Purva The Sound Of Water bangalore,12.8505636,77.6019434,09:45
Sky Court bangalore,12.9418086,77.7023823,09:00
Brigade Exotica - Burgundy Tower bangalore,13.0443079,77.7450129,10:45
Vajram Esteva bangalore,12.9306574,77.6864719,09:30
Brigade Orchards Luxury Apartments bangalore,13.230003,77.7236208,10:30
Aratt Milano bangalore,12.8677967,77.6978713,09:00
Skanda Avani C99 bangalore,12.90952,77.724401,08:30
Brigade Altamont bangalore,13.0609295,77.6417051,08:15
Mana Foliage bangalore,12.834063,77.7426949,09:15
Brigade Meadows bangalore,12.8141256,77.5081942,11:00
Sansidh Galaxy bangalore,13.0658986,77.6239986,08:15
Myhna Maple bangalore,12.934066,77.741577,10:45
DSMAX STARRY bangalore,12.8288136,77.6511943,11:00
Brigade Bricklane bangalore,13.1003515,77.6320051,10:15
Orbis BVS Avenues bangalore,12.9582656,77.7466265,08:00
Arvind Skylands bangalore,13.0892362,77.6014,08:30
Prestige Jindal City bangalore,13.0542876,77.4840424,10:30
Orbis BVS Avenues bangalore,12.9582656,77.7466265,09:30
Aratt Premier bangalore,12.9813098,77.7095717,09:15
Vajram Esteva bangalore,12.9306574,77.6864719,09:00
Prestige Jindal City bangalore,13.0542876,77.4840424,08:00
Global Golden Pearl bangalore,12.787143,77.777111,08:00
Gopalan Sanskriti bangalore,12.9128816,77.4958233,08:45
Kolte Patil I TOWERS Exente bangalore,12.849516,77.669984,10:30
Venkat Windsor East bangalore,13.0375925,77.7082434,09:30
Provident Park Square Phase II bangalore,12.8636392,77.5406447,08:45
Svamitva Sylvia CIty bangalore,13.0530435,77.7619136,10:45
Sobha Silicon Oasis bangalore,12.867993,77.6612248,08:45
Disha Courtyard bangalore,12.974269,77.7568397,10:15
Krish Eirianwen bangalore,13.0183013,77.7252647,09:30
Mahaveer Celesse bangalore,13.1500949,77.6179438,09:30
Zonasha Paradiso bangalore,12.9754771,77.7038489,10:45
DSMAX SKYLISHCIOUS bangalore,12.834025,77.7865073,08:45
Saranya Soham bangalore,12.9492971,77.7166496,09:45
NYK Metro Urbano bangalore,12.8919021,77.6376131,10:45
Aratt Vivera bangalore,12.8687962,77.6258232,08:00
Sekhar Olympus bangalore,13.0311397,77.6579922,11:00
Ozone Urbana bangalore,13.2032646,77.6635981,11:00
GM Infinite E City Town Phase II bangalore,12.8192308,77.66407,09:15
The Gran Carmen Address bangalore,12.90064,77.711096,10:15
Hiranandani Glen Classic bangalore,13.0530787,77.5743451,08:00
Advaitha Aksha bangalore,12.9262427,77.6405757,08:15
Legacy Salvador bangalore,13.1201364,77.581033,09:00
Salarpuria Sattva Anugraha bangalore,12.9827531,77.5186374,08:45
Concorde Napa Valley bangalore,12.7861871,77.5123704,09:15
Salarpuria Sattva Aspire bangalore,13.083073,77.6543973,10:30
Brick N Land Garden and Skies bangalore,12.9085662,77.6446577,11:00
42 Queens Square bangalore,12.8525569,77.7825326,09:00
Assetz Earth & Essence bangalore,13.1480106,77.6416023,09:00
Salarpuria Sattva Aspire bangalore,13.083073,77.6543973,08:15
Mantri Webcity bangalore,13.0735045,77.6511247,10:45
Brigade Buena Vista Phase I bangalore,13.0639183,77.7397329,09:15
Shriram Greenfield Phase 2 bangalore,13.0708496,77.7512724,08:15
Rohan Upavan bangalore,13.0559341,77.6611702,10:15
SSB Urban Lotus bangalore,12.8671125,77.6862204,09:45
Pride Sunrise bangalore,12.8754555,77.6032484,09:15
SLV Pragathi Amber bangalore,12.8363904,77.6977372,11:00
SKS Garden bangalore,12.9715987,77.5945627,10:15
Bhartiya City bangalore,13.0832763,77.6423729,08:00
Assetz Marq Phase 2 bangalore,13.0244172,77.7619875,09:45
Surbacon Aspen bangalore,13.0861508,77.6240355,10:15
Artha Emprasa Startup City bangalore,13.119653,77.802262,09:00
M1 Terra Alegria bangalore,13.1042593,77.7748724,09:00
Banashree Arka Forest View bangalore,12.7425352,77.6683509,08:15
Godrej Aqua bangalore,13.1461447,77.6376119,10:15
SLV Central park bangalore,13.0371494,77.7517183,08:15
Sobha Palm Court bangalore,13.1041146,77.6062964,09:15
MJR Clique Hercules bangalore,12.8297958,77.6660848,11:00
Klassik Landmark bangalore,12.8956917,77.6775754,09:45
Subhams Antique City bangalore,13.0468846,77.7523614,09:45
Kritan Iris bangalore,12.8361701,77.6966127,10:45
Vaishno Solitaire bangalore,13.011668,77.6712713,08:30
Purva Whitehall bangalore,12.9170738,77.6722151,09:00
Countryside Raindance bangalore,12.832239,77.6595798,10:15
Meda Eternity bangalore,13.0289204,77.7079727,08:45
Shriram Blue bangalore,13.0166354,77.7281167,08:30
Aakruti Amity  bangalore,12.8340825,77.6950016,11:00
Shriram Blue bangalore,13.0166354,77.7281167,10:30
Adonis Plots bangalore,13.2320575,77.7402329,09:00
Aakruti Amity  bangalore,12.8340825,77.6950016,09:00
Hilife Greens bangalore,12.9303537,77.7302936,09:30
Prestige Deja Vu bangalore,12.9957229,77.6079918,10:45
Brigade Parkside East bangalore,12.9026133,77.7018458,08:00
Sobha City bangalore,13.077151,77.6382007,09:45
SV Spring Woods bangalore,12.8634456,77.532143,09:45
Home Town The Address bangalore,12.9382404,77.6871472,09:15
HM Crescendo bangalore,12.9886925,77.5941112,10:15
Supertech Micasa bangalore,13.097949,77.644494,09:00
Arvind Oasis bangalore,13.046621,77.502508,09:30
Century Central bangalore,12.8917718,77.565457,08:45
Geown Oasis bangalore,12.8826228,77.7831451,08:15
Shriram Codename Break Free bangalore,12.832357,77.7028035,08:45
Purnima Palmgrove bangalore,12.963659,77.6146487,10:30
Peninsula Solitaire bangalore,12.8657356,77.8052447,08:00
Elite Sai Gardens bangalore,13.280901,77.7262083,11:00
Bren Northern Lights bangalore,13.094024,77.6091061,10:45
Eshwaree Orchids bangalore,12.9715987,77.5945627,10:15
Orchid Piccadilly bangalore,13.0862364,77.6326754,08:00
Confident Sagitta bangalore,12.903687,77.7170089,08:15
VRR Golden Enclave bangalore,12.8236447,77.6529909,08:00
Saket Callipolis bangalore,12.9095176,77.68542,10:45
Aditya Palm Grove bangalore,12.9665264,77.6139089,10:15
Sobha City Santorini bangalore,13.0760867,77.6364212,08:45
Adarsh Citrine bangalore,12.8954456,77.5884526,09:15
Prestige Leela Residences bangalore,12.9604699,77.6500106,10:45
Sruthika Springfields bangalore,13.0776893,77.5385716,09:30
Assetz Here & Now bangalore,12.9136256,77.6382753,08:45
SNN Raj Grandeur bangalore,12.9025603,77.6247599,09:45
Mahaveer Jasper bangalore,12.8827394,77.5861908,10:45
Prestige Royal Garden 1 bangalore,13.1395085,77.5706395,10:30
Essem18 Poetree bangalore,12.9066586,77.6795801,09:15
SS Vrudhi bangalore,12.8623542,77.5286683,10:15
Subha 9 Sky Vue bangalore,12.7595383,77.7026349,09:30
Ajmera Lugaano bangalore,13.1097661,77.5587431,08:30
Umiya Woods Apartment bangalore,12.9752279,77.7452412,10:30
VSR Rejoice bangalore,12.9715987,77.5945627,09:30
V K Krishna Gardenia bangalore,12.8780046,77.5485323,08:00
Peram's Eco City bangalore,13.130345,77.8254697,10:30
SJR Hamilton Homes bangalore,12.8654578,77.6976643,08:45
GM Infinite Daffodils bangalore,13.0617529,77.507,09:30
Prestige White Meadows bangalore,12.9751074,77.7527258,08:00
Celebrity Natures Habitat bangalore,12.8161591,77.7928212,10:15
Kolte Patil Mirabilis bangalore,13.031804,77.661173,10:45
KNS Ojas bangalore,12.947932,77.445078,11:00
Provident Park Square Phase I bangalore,12.8636392,77.5406447,10:15
Keerthi Regalia bangalore,12.9103529,77.6846989,09:30
ND Magnolia Apartment bangalore,12.9745516,77.7679833,09:15
Brigade Atmosphere bangalore,13.2661949,77.7388028,11:00
Land Capital Primero bangalore,12.905134,77.7048731,10:45
SSVR Iris bangalore,12.9401171,77.7336308,08:00
Camellia Pride bangalore,12.9334857,77.7485129,09:30
Trinco Nandanavana bangalore,12.9147753,77.6041391,10:30
North Gardens bangalore,12.9715987,77.5945627,09:00
Lotus Petals bangalore,12.8572384,77.5989777,11:00
Soni Tranquil bangalore,12.9001488,77.5926141,08:30
Taapasi Rosevista bangalore,13.1251357,77.6450215,09:45
SVR Green Woods bangalore,12.9478872,77.7224729,09:30
,,,
Sidvin Grace Apartment bangalore,12.960705,77.4971036,09:30
SJR Hamilton Homes bangalore,12.8654578,77.6976643,10:45
Trinco Nandanavana bangalore,12.9147753,77.6041391,09:00
North Gardens bangalore,12.9715987,77.5945627,08:30
Lotus Petals bangalore,12.8572384,77.5989777,08:00
Kolte Patil Mirabilis bangalore,13.031804,77.661173,10:30
Prestige Lakeside Habitat bangalore,12.9299576,77.7401083,09:15
Provident Park Square Phase I bangalore,12.8636392,77.5406447,10:45
Brigade Atmosphere bangalore,13.2661949,77.7388028,08:30
Prestige Fontaine Bleau bangalore,12.9757829,77.7417992,11:00
Vasundra Krishnashreya bangalore,12.9797094,77.4993114,09:15
SSVR Iris bangalore,12.9401171,77.7336308,10:15
Assetz Leaves & Lives bangalore,12.8864479,77.7051471,08:15
Soni Tranquil bangalore,12.9001488,77.5926141,08:30
SVR Green Woods bangalore,12.9478872,77.7224729,09:30
Samruddhi Nandana bangalore,13.0021832,77.7276819,11:00
Green City Eutopia bangalore,12.9097565,77.6099162,09:30
RS Sanchike bangalore,12.9232226,77.4780692,09:00
Brigade Buena Vista Phase II bangalore,13.0639183,77.7397329,09:45
Dhruv Paradise bangalore,12.9027777,77.6837666,11:00
Ahad Euphoria bangalore,12.8964286,77.7080676,09:45
Pramuk MM Meridian bangalore,12.93025,77.5751633,09:15
Saideep Hulas bangalore,13.0416462,77.7436449,10:45
Adarsh Tranqville bangalore,13.0779618,77.6533609,10:30
Adithya Tranquil bangalore,13.1207272,77.6080072,08:00
Prestige Summer Fields bangalore,12.9231407,77.6967126,10:30
Mahaveer Carnation bangalore,12.9666845,77.599546,09:00
Sanvi Sankalpam bangalore,12.9697226,77.7713555,09:30
MBR Suave bangalore,13.0073616,77.7506585,09:45
The Five Summit Address bangalore,12.985145,77.726751,08:30
Brigade Lakefront Blue bangalore,12.9789932,77.7113528,11:00
Royale Township bangalore,13.087926,77.4458392,11:00
Damden Vivo bangalore,12.8001258,77.7830215,08:15
Shri Balaji Ocean bangalore,12.839761,77.7256322,09:00
RR Roshan Platinum bangalore,12.8840635,77.6056889,08:15
Sekhar Casa Bianca bangalore,12.9387133,77.7162381,09:45
Concorde Epitome bangalore,12.8378157,77.6940515,08:45
KR Grand View Heights bangalore,13.0191483,77.672857,10:30
Assetz East Point bangalore,12.9212968,77.6945395,08:15
Trillium Apartment bangalore,12.867074,77.690808,08:45
Legacy Calista bangalore,13.111337,77.5681996,10:30
Purva Zenium bangalore,13.1460926,77.6389257,10:30
JRC Palladio bangalore,12.8275997,77.7729567,09:00
Sowparnika Tharangini bangalore,12.8831728,77.7877736,09:00
Expart The Wisdom Tree bangalore,13.0610879,77.6397579,09:00
Legacy Saviero bangalore,13.0239094,77.6618851,08:15
Godrej Eternity bangalore,12.8570477,77.5407321,09:00
Sri Balaji Monarch bangalore,12.9050736,77.704743,08:45
Sumadhura Eden Garden bangalore,13.0283684,77.7506927,11:00
Asset Arcadia bangalore,12.8249955,77.7556354,08:45
Sanjana Supreme bangalore,12.8821041,77.6198368,09:00
Embassy Edge bangalore,13.2459154,77.7145355,08:00
Lennar Edifice bangalore,12.9779258,77.7370902,08:30
MV Vajra Value Plus bangalore,12.879664,77.5523167,10:15
Sipani Bliss 1 bangalore,12.7808199,77.7239959,08:00
V Venture Essence bangalore,12.8921457,77.5902232,08:15
Sowparnika Indraprastha bangalore,12.9865162,77.822102,08:45
Pavani Divine bangalore,12.9831056,77.7181327,09:15
Bluejay Atmosphere bangalore,13.026091,77.481328,10:30
Vikas Hills View Meadows bangalore,12.896422,77.5299197,10:45
Bluejay Atmosphere bangalore,13.026091,77.481328,09:15
Pavani Divine bangalore,12.9831056,77.7181327,09:45
Bhartiya City 2 bangalore,13.0832763,77.6423729,09:15
Sanjana Supreme bangalore,12.8821041,77.6198368,09:00
V Venture Essence bangalore,12.8921457,77.5902232,08:45
Total Environment The Magic Faraway Tree Phase II bangalore,12.8596021,77.5298378,08:15
SLV Diamond bangalore,13.0375445,77.6358926,09:15
TooGoodHomes by Provident bangalore,13.0831589,77.6194189,08:30
SLV Lakshmi Narayana Nilaya bangalore,12.997227,77.621871,09:00
Chariot Windsor Castel bangalore,12.8595114,77.7685616,09:00
Citrus Florence bangalore,12.9715987,77.5945627,10:45
Dhiraan Newyork Meadows bangalore,12.7879805,77.7116203,08:45
Inner Spaces Meadow In The Sun bangalore,12.8982134,77.6726237,08:30
ND Around The Mangoes bangalore,12.9099636,77.6045095,09:00
Amigo Estella bangalore,13.0608351,77.6330036,09:00
SLV Magnum bangalore,12.9108838,77.6242128,08:45
Navami Funique bangalore,12.8695931,77.6546046,09:00
Bluejay Nine Forum bangalore,12.8645663,77.6401304,10:30
Pionier Lifestyle bangalore,12.8728757,77.6959513,08:00
Purva Midtown Residences bangalore,12.9996774,77.6663724,09:30
Aratt Firenza bangalore,12.8291828,77.6619456,11:00
Grand Duke Villas bangalore,12.7609104,77.6963918,10:45
Sowmya Shailam bangalore,12.9437506,77.5737599,10:30
A Peace Paramount bangalore,13.1141821,77.5666558,11:00
Sobha Morzaria Grandeur Phase II bangalore,12.9339158,77.6019266,09:30
Patel Smondoville bangalore,12.8219467,77.6577455,11:00
Arsis Green Hills bangalore,13.019059,77.707093,09:30
Purva Westend bangalore,12.89072,77.6383746,09:30
Maarq Alpha bangalore,12.9144324,77.7021837,08:00
Patel Smondoville bangalore,12.8219467,77.6577455,08:00
Pashmina Lagoon Residences bangalore,13.0754163,77.7242591,09:45
Arsis Green Hills bangalore,13.019059,77.707093,11:00
Columbia Belleza bangalore,12.8711086,77.5780753,10:45
Bren Trillium bangalore,12.8661314,77.6664154,08:45
Nitesh Caesars Palace bangalore,12.8776451,77.546492,08:15
Patel Smondo 2 bangalore,12.8217185,77.6598477,09:15
Godrej Woodsman Estate bangalore,13.0544261,77.5960248,09:30
Prestige Park Square bangalore,12.8469172,77.5878452,08:45
VRR Nest bangalore,12.8639934,77.6629466,09:45
Sizzle Gold Coast bangalore,13.0161167,77.6599252,08:30
Sobha HRC Pristine bangalore,13.0679382,77.6059904,10:30
Shoban Silver Domicile bangalore,13.0626596,77.6278831,09:30
VBHC Palmhaven Phase II bangalore,12.8823501,77.4722966,10:45
NCC Urban Green Province bangalore,12.866571,77.7720839,11:00
Incor Carmel Heights bangalore,12.9608801,77.7477855,09:30
Hatha Coco Nest bangalore,12.9452912,77.6788233,10:30
The Magic Faraway Tree bangalore,12.859542,77.5299544,08:00
Hiranandani Evita bangalore,12.8760537,77.6121874,08:00
Midtown Raaga bangalore,13.0045009,77.7300865,11:00
Ambika Arcade bangalore,13.236074,77.7267615,09:15
Bren Paddington bangalore,12.9184653,77.6758485,09:45
Master Classic Residency bangalore,13.0925662,77.5998497,11:00
Avanti by Shriline bangalore,12.7101547,77.7072491,10:15
Purva Coronation Square bangalore,12.8953453,77.5795323,09:30
Krishna Greens North Pride bangalore,13.270314,77.619116,11:00
Adarsh Palm Retreat Mayberry bangalore,12.9164497,77.6942608,09:45
Garuda Royal Homes bangalore,13.0151889,77.7057087,09:00
Provident WelWorth City bangalore,13.2293032,77.5480973,10:30
Adiga 100 trees bangalore,12.9185092,77.5940323,09:00
Purva Coronation Square bangalore,12.8953453,77.5795323,10:45
Nitesh Rio bangalore,12.8631579,77.535788,09:00
Urban Eco Space bangalore,12.8318138,77.798139,10:15
Adarsh Palm Retreat Mayberry bangalore,12.9164497,77.6942608,08:15
Garuda Royal Homes bangalore,13.0151889,77.7057087,09:00
Prestige Royal Garden 2 bangalore,13.1395085,77.5706395,11:00
Godrej Reflections bangalore,12.9118913,77.668165,08:00
Prestige Kenilworth bangalore,12.9902606,77.5961311,10:15
Adiga 100 trees bangalore,12.9185092,77.5940323,11:00
Iconest 3 bangalore,12.8011407,77.6796032,10:30
Disha Central Park bangalore,12.9376923,77.713246,10:45
Sumadhura Nandanam bangalore,12.9905248,77.7139077,08:15
Purva Seasons bangalore,12.9878209,77.6668541,10:30
Maarq Vista bangalore,13.410396,77.7150976,10:30
Icon Sanctuary bangalore,12.8554461,77.809677,08:15
Adarsh Pinecourt bangalore,13.0837992,77.6619215,10:30
Ajmera Nucleus bangalore,12.851016,77.6807465,08:30
Whitestone Florenso bangalore,13.059249,77.762768,10:45
Unicon North Brooks 46 bangalore,13.1042012,77.5561585,09:30
KBR Elite bangalore,13.048417,77.6061279,09:15
CMRS Mulberry Mist bangalore,12.9450837,77.7524506,09:30
Brigade Orchards Juniper bangalore,13.2264186,77.723767,11:00
Ramky One North bangalore,13.1361505,77.5706196,09:00
Icon Laurels bangalore,12.7998369,77.6793722,09:15
Ambika Anjanadri Layout bangalore,13.0027226,77.6612167,08:45
Fortuna Acacia bangalore,13.0698679,77.5869958,11:00
G Corp Residences bangalore,12.9303569,77.6365973,09:30
Arya Hamsa bangalore,12.8599997,77.5745195,10:45
Northern Destiny bangalore,13.1000006,77.6337199,10:30
Bren Palms bangalore,12.8911424,77.6447601,10:15
Roma Epicurean bangalore,12.9671,77.7347721,08:15
CMRS Mulberry Mist bangalore,12.9450837,77.7524506,09:45
Manar Pureearth bangalore,12.8667734,77.7872346,08:15
Adarsh Premia bangalore,12.920315,77.5616,11:00
VRR Fortuna bangalore,12.9048311,77.7029081,08:30
Gina Shalom bangalore,13.0184845,77.7079185,10:15
Alembic Urban Forest bangalore,12.9853338,77.7609677,09:30
Northern Destiny bangalore,13.1000006,77.6337199,08:45
Bren Palms bangalore,12.8911424,77.6447601,09:30
TG Epitome bangalore,12.8671517,77.6898081,09:30
Ambiience Aamby City bangalore,13.1319198,77.8187924,09:15
NVT Arcot Vaksana bangalore,12.8536467,77.7840279,09:30
Uniidus Breeze bangalore,12.944991,77.711179,11:00
Marvel Sequoia bangalore,12.9853863,77.7591065,11:00
Raja Aristos bangalore,12.8639286,77.5981177,09:45
Swathi Magnolia bangalore,12.9715987,77.5945627,10:45
LGCL Happy Days bangalore,13.0764068,77.6659443,10:30
Reliaable Dollar Colony Phase II bangalore,12.8608338,77.6734677,09:00
Skylark Dasos bangalore,13.062335,77.665454,10:15
Aswani Sunshine bangalore,12.8350619,77.7735794,10:30
Vaswani Menlo Park bangalore,12.9492007,77.717493,08:30
SNN Raj GreenBay bangalore,12.852932,77.678469,08:30
Zed Earth bangalore,13.0054998,77.5782716,10:45
Kolte Patil 24K Grazio bangalore,12.9246763,77.6308584,08:15
Godrej E-City bangalore,12.8534247,77.6530258,10:30
Embassy Pristine bangalore,12.9280203,77.6609868,08:45
The Presidential Tower bangalore,13.0265663,77.5451712,10:15
SBI New Bangalore bangalore,12.8762164,77.6164271,11:00
Niranjan Genesis bangalore,12.8650822,77.6232727,08:00
Mahaveer Sitara bangalore,12.8937,77.5866427,09:45
Prestige Silver Sun bangalore,12.9241916,77.6961269,10:15
Niranjan Genesis bangalore,12.8650822,77.6232727,10:45
The Presidential Tower bangalore,13.0265663,77.5451712,10:15
Indio Classic bangalore,12.9715987,77.5945627,09:15
Chethana Heritage bangalore,12.9715987,77.5945627,08:30
SBI New Bangalore bangalore,12.8762164,77.6164271,08:30
Motzkin Park Terrace bangalore,12.8277163,77.7776498,08:30
Skylark Royaume bangalore,12.8661023,77.665878,11:00
Brigade Northridge - Phase 1 bangalore,13.1012353,77.630922,09:30
LGCL Stonescape bangalore,13.0793738,77.6625359,08:15
Pioneer Sun Blossom bangalore,12.8348947,77.648506,10:30
Salarpuria Sattva Magnificia bangalore,12.9962293,77.6689762,10:30
Sai Purvi Symphony bangalore,12.9194265,77.736761,08:30
S2 Homes Butterfly Gardens bangalore,12.7671408,77.6316248,09:30
HM Indigo bangalore,12.8730577,77.5714702,08:30
Radiant Lake View bangalore,13.0320876,77.7210642,09:30
Asset Aura bangalore,12.921249,77.722038,10:30
Nambiar Bellezea bangalore,12.8423459,77.727032,09:45
Salarpuria Sattva Casa Irene bangalore,12.8646922,77.5911405,09:45
Fire Luxur The Empyrean Phase II bangalore,12.9048299,77.8677685,08:45
SNN Raj Serenity bangalore,12.8589085,77.613768,09:00
Atco Sapphire bangalore,12.8606884,77.7767483,10:45
Rsun Sushmitham bangalore,12.9890574,77.7659146,10:15
Peace Rhythm bangalore,12.9500313,77.4978003,11:00
Prestige Jade Pavillion bangalore,12.9216881,77.6956648,11:00
Oceanus Tranquil bangalore,13.0372514,77.6894379,09:00
Fortius Under The Sun bangalore,13.2364997,77.6789061,09:15
Pioneer KRS Park Royal bangalore,12.9293554,77.4995552,10:15
Prestige Shantiniketan bangalore,12.989259,77.731264,09:15
Habitat Crest bangalore,12.9907059,77.7227793,08:15
Ruchira Aarna Homes bangalore,12.9647206,77.7552794,10:30
Goyal Alanoville bangalore,13.0887141,77.6594168,10:45
Purva Skywood bangalore,12.8944929,77.6607174,10:15
S2 Homes Butterfly Gardens bangalore,12.7671408,77.6316248,10:45
Brigade Northridge Phase II bangalore,13.1012353,77.630922,08:45
MN Guru Akshitha bangalore,13.092666,77.63287,09:00
Puravankara Elita Promenade bangalore,12.8505636,77.6019434,08:15
Radiant Lake View bangalore,13.0320876,77.7210642,11:00
Asset Aura bangalore,12.921249,77.722038,09:30
Brinda Imperial Phase I bangalore,12.753406,77.649038,09:45
Fire Luxur The Empyrean Phase II bangalore,12.9048299,77.8677685,10:45
Blue Bell Homes bangalore,12.9676128,77.7042125,08:30
Atco Sapphire bangalore,12.8606884,77.7767483,09:15
Oceanus Tranquil bangalore,13.0372514,77.6894379,08:00
Fortius Under The Sun bangalore,13.2364997,77.6789061,09:45
Pavani Sarovar Phase II bangalore,12.9726354,77.7340972,08:00
Chamundi Amber Woods bangalore,12.8763746,77.5304509,09:00
Ajmera Annex bangalore,12.8420581,77.6463682,09:45
Kumar Princetown Royale bangalore,13.0606714,77.5200615,08:15
Gopalan Atlantis bangalore,12.9741618,77.7439856,11:00
Spad Classic Nakshatra Nestilo bangalore,12.9640102,77.7499354,08:00
Opera Spring Leaf bangalore,12.8983834,77.6183237,09:30
The Advantage Raheja Pebble Bay bangalore,12.9175193,77.6284075,10:45
Evershine Greenwood bangalore,12.8610024,77.7805416,10:45
Adarsh Palm Meadows bangalore,12.9574201,77.7405942,08:15
Mantri Centrium bangalore,13.0040638,77.5618485,09:30
Nitesh Cape Cod bangalore,12.9224054,77.6750123,11:00
Arna Meadows bangalore,12.8627811,77.6030904,08:45
Jain Heights Grand West bangalore,13.0171545,77.5504018,10:30
Splendid Lake Dews bangalore,12.8700365,77.6272663,09:45
Jain Heights Grand West bangalore,13.0171545,77.5504018,10:15
Puravankara Elita Promenade bangalore,12.8505636,77.6019434,09:45
Aswani Aaeesha bangalore,12.8608338,77.6734677,08:30
New India Tanzanite bangalore,13.1020363,77.6189762,08:45
Esteem Emblem bangalore,12.8382576,77.6846614,08:00
Adisesh Prime bangalore,13.08155,77.99827,09:15
Sai Sowbagya bangalore,12.9081743,77.6835513,08:30
Pavani Sarovar Phase II bangalore,12.9726354,77.7340972,08:45
Chamundi Amber Woods bangalore,12.8763746,77.5304509,10:45
Samhita Elite bangalore,13.0351177,77.7042186,09:30
Saroj Harmony bangalore,12.9313675,77.7418874,09:30
DSMAX STONESCAPE bangalore,12.8518163,77.5573227,09:30
Manifest Elite bangalore,12.9715987,77.5945627,08:00
Sobha Silicon Oasis Row Houses bangalore,12.867993,77.6612248,09:15
The Advantage Raheja Pebble Bay bangalore,12.9175193,77.6284075,09:30
Sumadhura Lake Breeze bangalore,12.9566809,77.7248939,10:30
Srimitra Lifestyle bangalore,13.0305625,77.668072,10:15
Sobha Lake Gardens bangalore,13.0191276,77.7241543,09:15
Rand Pride Homes bangalore,12.9780797,77.6929907,09:15
JK Suchiraa Villas bangalore,13.0694552,77.5173107,09:00
Unishire Spacio bangalore,12.8849319,77.6048938,08:30
Sriven Rag Meridian bangalore,12.8183059,77.6898768,09:30
Arna Meadows bangalore,12.8627811,77.6030904,09:30
KMB La Palazzo bangalore,12.9196722,77.6659963,08:15
Sowparnika Flamenco bangalore,12.8550179,77.7850851,09:45
Ozone Urbana Avenue bangalore,12.9757272,77.6158504,08:45
Sipani Wattle Grove bangalore,12.940446,77.623403,08:00
Dhammanagi Kings Ville bangalore,12.9960918,77.583631,08:15
Upkar Garden bangalore,12.7786333,77.7245665,10:45
Unishire Spacio bangalore,12.8849319,77.6048938,09:15
Aryan Fountain Square bangalore,12.7867076,77.774883,08:00
Millennia Lakeview bangalore,12.8776976,77.6983835,09:45
Karle Zenith Residences bangalore,13.0472844,77.6161294,10:30
DSMAX STONESCAPE bangalore,12.8518163,77.5573227,08:15
Sipani Wattle Grove bangalore,12.940446,77.623403,09:00
Dhammanagi Kings Ville bangalore,12.9960918,77.583631,10:45
Prestige Ferns Residency bangalore,12.9029705,77.6622073,10:30
Srimitra Lifestyle bangalore,13.0305625,77.668072,08:45
Hiranandani Club Meadows bangalore,12.875594,77.612397,09:00
JK Suchiraa Villas bangalore,13.0694552,77.5173107,10:45
Upkar Habitat bangalore,12.7445533,77.7824429,08:00
Vaishnavi Nakshatra bangalore,13.0254031,77.5491776,10:45
VMAKS Heights bangalore,12.8367538,77.6978783,09:30
BSR Sunshine bangalore,13.0463979,77.5984395,09:15
Ozone Urbana Avenue bangalore,12.9757272,77.6158504,08:45
Sobha Ruby bangalore,13.0446521,77.5000402,10:15
Sobha Valley View bangalore,12.9312341,77.5290558,08:00
Canary Woods bangalore,12.9715987,77.5945627,10:15
Hiranandani Glen Gate bangalore,13.0530787,77.5743451,08:30
Sobha Clovelly bangalore,12.911386,77.5559079,08:15
Prestige Lakeside Habitat Villa bangalore,12.9299576,77.7401083,09:00
Dharma Elite bangalore,13.0103618,77.6520469,09:30
Jain Heights East Parade bangalore,12.9735006,77.6823713,09:45
Dharma Castle bangalore,13.0106268,77.6532302,10:30
Sobha Daisy bangalore,12.9282006,77.6680634,09:00
Provident Harmony bangalore,13.080659,77.625441,11:00
Hrvy Sai Sapphire bangalore,12.8947372,77.5785716,10:30
Shravanthi Oakridge bangalore,12.8720988,77.5295509,09:00
ARK Cloud City bangalore,12.9842196,77.7634093,08:15
Vishwapriya Vertical Garden bangalore,12.9385302,77.5231804,10:15
Shriram Godhuli bangalore,13.4682719,77.8096926,09:45
Opera Canopus bangalore,12.8872949,77.6214482,10:15
Aster Residential Layout bangalore,12.916873,77.6358182,09:15
Sipani Jardin bangalore,12.7780888,77.7296121,08:15
Alpine Viva 2 bangalore,13.0143196,77.7609495,09:00
Sobha Indraprastha bangalore,12.9811535,77.5634417,09:00
Pyramid Carnations bangalore,13.1351114,77.5622471,09:00
L&T South City bangalore,12.8877919,77.591002,09:15
Buildmann Aaroha Condominiums  bangalore,13.038895,77.702585,11:00
LGCL Luxuriate bangalore,12.9165932,77.6347147,10:30
Sunil Orchid bangalore,12.9715987,77.5945627,09:15
Svamitva Emerald Square bangalore,12.8146987,77.6701237,08:30
RJ Brooke Square bangalore,12.9649561,77.7203535,08:30
Balaji Ashirvaad Elite bangalore,12.8547931,77.5976667,08:45
Ma Sarada Casa Estrella bangalore,12.7964534,77.6864041,09:45
Hiranandani Horizon bangalore,19.1153798,72.9091436,08:45
Corporate Suncity Gloria Block B bangalore,12.9026286,77.7069429,08:00
Prisha Orchids bangalore,13.0833854,77.6375082,09:00
SSVR Fairy Bells bangalore,13.0713565,77.5851817,11:00
United Meadows bangalore,12.9658617,77.7224633,10:15
Rajarajeshwari Vara bangalore,12.981788,77.5998037,10:30
Purva Waves bangalore,13.063187,77.6626997,11:00
Habitat Eden Heights bangalore,12.9904266,77.7142049,09:00
Habitat Iluminar bangalore,12.9155329,77.4933195,11:00
Pruthvi Royal bangalore,12.8627337,77.5943649,10:30
Godrej Gold County bangalore,13.046768,77.4902439,08:30
Cattleya Sriven Nest bangalore,12.9372072,77.7491799,09:30
Brigade Millennium bangalore,12.891805,77.5824553,09:45
TG Ascent bangalore,12.8664422,77.6907409,09:30
Cattleya Sriven Nest bangalore,12.9372072,77.7491799,08:15
Mahaveer Promenade bangalore,13.0077592,77.7399015,10:45
K Raheja Jade Gardens bangalore,13.204637,77.6506622,11:00
Aratt Cityscapes Apartment bangalore,13.0611983,77.757579,09:30
Radiant Elitaire bangalore,12.8830931,77.5830352,08:00
RNS Shrinikethan bangalore,13.0321173,77.5388378,09:45
Prestige Gulmohar bangalore,13.0288528,77.6649757,08:00
DNR Atmosphere bangalore,12.958045,77.7390325,08:30
Shell North Gate bangalore,13.0669963,77.6468544,10:45
Disha Loharuka SOLARIS bangalore,12.860781,77.5902906,09:30
ATZ Estrella bangalore,12.9366872,77.7487363,09:00
MJ Lifestyle Astro bangalore,12.858655,77.6984882,09:15
Sowparnika Columns bangalore,12.9930415,77.8059633,10:30
Shriram Sameeksha bangalore,13.0721162,77.5348332,08:15
Sai Vrushabadri Towers bangalore,12.9885109,77.7817547,08:30
Shri Balaji Sarovar bangalore,12.9769223,77.7333818,08:45
Sobha Cedar bangalore,12.8779199,77.5297639,11:00
Prabhavathi Comforts bangalore,12.8864112,77.6290643,11:00
Platina Exotica bangalore,12.9275441,77.4936815,08:30
Valmark Cityville bangalore,12.8626587,77.604309,08:30
DSR Sunrise Towers bangalore,12.9821505,77.7602375,08:45
Dhanapriya Paradise bangalore,12.9715987,77.5945627,08:45
SVS Trend Square Precioso bangalore,13.0345488,77.6674155,09:15
Sobha Dream Gardens bangalore,13.0968857,77.647408,09:15
Sumukha Residency bangalore,12.9607204,77.5943232,09:00
Pioneer Kingstown bangalore,12.8878665,77.6441936,10:30
SMR Vinay Estella bangalore,13.0840921,77.5413269,10:45
Peninsula Prakruthi bangalore,12.8732821,77.787371,09:15
Prestige Park View bangalore,12.9852588,77.7518918,10:15
Prestige Park View bangalore,12.9852588,77.7518918,08:15
Altius Ardour bangalore,12.8354267,77.7686139,10:30
Mantri Tranquil bangalore,12.8867375,77.5451932,10:15
Concorde Tech Turf bangalore,12.8318141,77.6551811,09:15
SRK The Villagio bangalore,13.0080164,77.7621594,09:15
DS Max Splendid bangalore,12.9718563,77.4790222,08:30
Gravity Sundridge bangalore,13.1777165,77.5593515,09:45
Axis Vedam bangalore,12.8803091,77.5839891,09:00
Odions The Woods of East Phase 1 bangalore,12.8913922,77.6937237,09:45
IDEB Springfields bangalore,12.9181948,77.6695175,10:15
Ozone Polestar bangalore,13.0385196,77.6181119,08:15
Goyal Orchid Lakeview bangalore,12.9315349,77.6786481,09:15
Gempark Address bangalore,12.8699879,77.8103632,09:00
Sriven Luminous Amaltas bangalore,12.8453334,77.6481115,10:45
Pyramid Bilberry bangalore,13.0873611,77.6247607,08:30
Sobha Forest Edge bangalore,12.8763618,77.5285878,08:45
Aryan Golden Arena bangalore,12.806845,77.7825336,09:15
Park Cubix bangalore,13.2418908,77.720995,09:30
Brigade Golden Triangle bangalore,13.0549285,77.762862,08:30
Concorde Luxepolis bangalore,12.9567983,77.567828,09:30
MBR Brickfield Shelters bangalore,12.8124009,77.7342541,08:15
Maysons Udbhava bangalore,13.0877551,77.6038995,09:15
Adarsh Palm Retreat bangalore,12.9234947,77.6851069,08:00
Aratt Cityscapes Villa bangalore,13.0611983,77.757579,08:30
Avani Gardens bangalore,13.0860725,77.6064885,10:30
Nakshatra Township bangalore,12.7304474,77.7033552,09:45
Mantri Espana bangalore,12.9344706,77.6835063,08:30
Upscale Golden Lotus bangalore,12.9295788,77.7405079,09:15
DS & Jacks Needs 3 Project 276 bangalore,12.8707878,77.5963239,08:30
Sumukha Emerald bangalore,12.8758824,77.5812546,10:45
IDEB Springfields bangalore,12.9181948,77.6695175,10:15
Sipani Bliss 2 bangalore,12.7808199,77.7239959,10:15
Sriven Luminous Amaltas bangalore,12.8453334,77.6481115,08:45
Saf Snowdrops bangalore,12.8921607,77.563372,10:30
ARS Bhavisha bangalore,12.8596605,77.7656243,08:00
LVS Gardenia Phase 1 bangalore,13.0345318,77.7024472,08:15
Krishnaja Northcity bangalore,13.2389421,77.7059788,10:15
Bluejay Malgudi bangalore,12.8651727,77.5484676,08:15
Shriram Chirping Woods Apartment bangalore,12.9090034,77.6688901,10:15
Veohm Cedar Woods bangalore,13.0591532,77.643044,08:00
Mana Candela bangalore,12.8915171,77.710097,11:00
Ezzy Corinth bangalore,13.0657555,77.6515444,09:45
Concorde Amber bangalore,12.8948188,77.7030423,10:15
RJR Patel Residency bangalore,12.93844,77.7431417,09:00
Century Artizan Phase II bangalore,13.129355,77.595041,08:45
Prestige Glenwood bangalore,13.0767319,77.7341204,08:30
Aratt Cityscapes Villa bangalore,13.0611983,77.757579,10:45
Avani Gardens bangalore,13.0860725,77.6064885,09:45
Sobha Habitech bangalore,12.9828292,77.7552035,08:00
Brigade Parkside West bangalore,12.9026133,77.7018458,09:15
SNR Windmill bangalore,12.855583,77.597298,09:15
GCN White Palms bangalore,12.9616048,77.742095,08:45
Keystone Sarovar bangalore,12.8670332,77.5733981,09:00
Columbia Celestia bangalore,12.8953434,77.5795256,10:30
Gajanana Sumuk bangalore,12.9917127,77.7185076,09:15
MIMS Residency bangalore,13.086763,77.6214664,09:45
Cleartile The Rare Earth Plots bangalore,12.8784133,77.7097953,08:30
Sobha Daffodil bangalore,12.9013076,77.653417,08:15
Akruthi Spring Woods bangalore,12.985451,77.4864,08:30
Shapoorji Pallonji ParkWest Mahogany bangalore,12.963803,77.5610241,08:45
Cleartile The Rare Earth Plots bangalore,12.8784133,77.7097953,09:45
Prestige Glenwood bangalore,13.0767319,77.7341204,09:15
Sobha Daffodil bangalore,12.9013076,77.653417,08:30
Sanvi Sunrise bangalore,12.9732444,77.677601,09:30
RBD Stillwaters bangalore,12.8945651,77.6632973,08:45
Relizant Royale bangalore,12.957703,77.5758522,10:15
Shapoorji Pallonji ParkWest Mahogany bangalore,12.963803,77.5610241,08:45
Shilpa Dacha bangalore,12.915819,77.6697608,10:30
Brigade Omega bangalore,12.8938298,77.5294655,09:15
Prestige Royal Garden 3 bangalore,13.1395085,77.5706395,09:15
Sri Bhagwan Elite bangalore,12.8730771,77.6441754,08:00
Ozone Urbana Township bangalore,13.2036001,77.6645319,10:15
Axis Antara bangalore,12.8688053,77.6180494,10:45
Rohan Vasantha bangalore,12.9568204,77.7070217,11:00
NR Windgates bangalore,13.0859552,77.62378,10:15
Silicon Valley bangalore,12.9715987,77.5945627,11:00
Narmada Sri Heights bangalore,12.8737585,77.6677287,08:15
Prestige Dolce Vita bangalore,12.9757496,77.7425161,08:30
Mahindra Lifespace Windchimes bangalore,12.88624,77.597681,10:45
Veracious Vani Vilas bangalore,13.1220505,77.5768601,11:00
Provident The Tree bangalore,12.9960104,77.4848412,08:30
Golden Grand bangalore,13.0268946,77.5464606,08:45
Skanda Nirvana bangalore,12.9340795,77.7059496,08:45
VARS Parkwood bangalore,12.9156691,77.6909634,08:15
Aratt Cityscapes Rowhouse bangalore,13.0611983,77.757579,10:30
Viho Hill View bangalore,12.8904203,77.5148337,09:00
Adithya Garden  bangalore,12.8645579,77.6594665,08:15
Sumadhura Silver Ripples bangalore,12.9691977,77.7388622,10:15
Dharanis Prakruthi Park bangalore,12.8461858,77.8275989,08:45
Anand Somu Pristine bangalore,12.8588873,77.5667669,11:00
Aratt Rolling Whites bangalore,12.7481938,77.6837066,10:30
Anand Somu Pristine bangalore,12.8588873,77.5667669,08:30
Dharanis Prakruthi Park bangalore,12.8461858,77.8275989,09:00
Prestige Sunrise Park Norwood bangalore,12.8345846,77.6635615,10:30
Axis Antara bangalore,12.8688053,77.6180494,09:15
Splendid Skylines bangalore,12.8745128,77.6517073,09:15
Casa Gopalan bangalore,12.9685201,77.7424363,08:15
Assetz Lifestyle bangalore,12.8853283,77.7047401,09:30
Sobha Jasmine bangalore,12.9263467,77.6680634,09:45
Veracious Vani Vilas bangalore,13.1220505,77.5768601,08:45
Pioneer Park Avenue bangalore,12.875964,77.551905,09:00
Odions The Woods of East Phase 2 bangalore,12.8913922,77.6937237,10:45
Adithya Garden  bangalore,12.8645579,77.6594665,10:15
Velpula Pride bangalore,13.0863313,77.6028616,09:00
Sobha Marvella bangalore,12.9267833,77.6726791,08:45
Salarpuria Sattva Serene Life bangalore,13.1883652,77.6580876,08:30
Definer Hi-Life bangalore,13.0361409,77.6932524,08:00
Asrithas Grand Living bangalore,12.938386,77.617803,10:45
Shriram Signia bangalore,12.8391167,77.6563997,10:15
Sri Garnet Park bangalore,12.9918197,77.7194328,09:45
Azven Breathe bangalore,12.8313905,77.775604,09:15
Sobha Tulip bangalore,12.8984206,77.5855194,08:45
Prestige Ozone bangalore,12.9590509,77.7494998,09:00
SJR WaterMark bangalore,12.9132624,77.6704345,08:15
Vedant Vayun bangalore,12.8787673,77.6376676,10:15
DivyaSree 77 Place bangalore,12.9486621,77.6932524,09:00
Prestige Spencer Heights bangalore,12.9956569,77.6104792,10:30
Puravankara Purva Riviera bangalore,12.9758193,77.5570922,10:45
MN Guru Gokulam bangalore,13.0927842,77.6324403,10:30
Raja Sannidhi bangalore,12.8491125,77.6078187,10:45
Sobha Lifestyle Legacy bangalore,13.231919,77.674463,09:00
Nava Vedantha bangalore,13.0051219,77.6644468,08:45
Prabhavathi Divine bangalore,12.8787211,77.6110659,09:00
Jeevan Grandeur bangalore,13.0053452,77.7482751,11:00
Century Indus Phase II bangalore,12.9112501,77.5113871,08:00
Brigade Meadows Plumeria bangalore,12.8134935,77.5117193,11:00
Kolte Patil Raaga bangalore,13.0956915,77.6478017,09:15
ALPS Aurora bangalore,12.8145655,77.6729006,10:30
Century Saras bangalore,13.1128005,77.5701013,08:00
Greystone Mirror On Water bangalore,12.8943569,77.6618761,08:45
Thrive Muses Abode bangalore,13.0261844,77.6266968,08:00
Renaissance Nature Walk bangalore,13.0046798,77.7182604,09:45
Mantri Flora bangalore,12.9183563,77.6650713,11:00
Vivansaa Aurigaa bangalore,12.8937057,77.7681863,08:00
Arvind Sporcia bangalore,13.0624992,77.6215293,10:45
GM Infinite E City Town Phase I bangalore,12.8192308,77.66407,08:45
SNN Raj Serenity Phase II bangalore,12.852932,77.678469,10:15
Silverwood Regency bangalore,12.9111022,77.6777582,10:30
Purva Venezia bangalore,13.0972391,77.5702975,08:00
Sri Bhagwan Embassy bangalore,12.8355532,77.6916476,10:45
Puravankara Purva Fountain Square bangalore,12.9748291,77.618987,09:45
GM Global Techies Town Tower 03 C bangalore,12.8227035,77.6608411,09:30
Saran Mulberry Woods bangalore,12.9059509,77.7038144,09:00
Celebrity Square bangalore,12.828163,77.7860248,08:30
Shriram Chirping Woods Villament bangalore,12.9090034,77.6688901,09:00
Aahika Apartments bangalore,12.9036263,77.606235,08:45
Mana Karmel bangalore,12.8955387,77.7059662,08:45
GM Global Techies Town Tower 01 A bangalore,12.8227035,77.6608411,11:00
Trifecta Joli bangalore,12.8921388,77.7095138,08:15
SJR Vogue bangalore,12.9815216,77.7176076,08:15
Plama Heights bangalore,13.0334447,77.6374762,11:00
Raheja Residency bangalore,12.928366,77.6317759,08:30
Prestige Sunrise Park Brichwood bangalore,12.8321675,77.6632722,10:30
Lone Star Crexcel Tuscany bangalore,12.991444,77.615403,10:45
Salarpuria Sattva Kings Domain bangalore,12.9918038,77.6607041,11:00
GE Global Green Apple Villas bangalore,12.7861815,77.7124387,10:15
Candeur Rise bangalore,12.9969877,77.6899549,10:45
Brigade Metropolis bangalore,12.9914639,77.7029976,10:15
Elegant Pride bangalore,13.0012678,77.6225051,10:15
Kuteera Green Homes bangalore,13.0301107,77.7620013,08:30
URI Shirdi Sri Sai Nagar bangalore,12.9714651,77.540545,10:30
Pride Crosswinds Villa Plots bangalore,12.780214,77.603303,09:15
Jeevan Pristine bangalore,12.9715987,77.5945627,08:15
Salarpuria Sattva Gold Summit bangalore,13.0666284,77.6523154,09:30
DS Max Status bangalore,13.131781,77.5661959,08:00
Unishire The Weave bangalore,13.0569,77.623807,08:00
Total Environment Windmills Of Your Mind bangalore,12.9828416,77.7218047,09:45
G Corp The Icon Phase III bangalore,13.0473654,77.6254839,10:15
Sona Grandeur bangalore,12.8647018,77.5956349,09:30
Saranya Sreshta bangalore,12.9671661,77.7570509,09:15
Chaitrashree Royale bangalore,12.9389997,77.5180225,08:00
Sobha City Casa Paradiso bangalore,13.0761452,77.6406964,08:30
Nishant Prime bangalore,12.9665946,77.7651452,10:15
Aratt Amora bangalore,12.7587473,77.6711502,08:30
Windsor Troika bangalore,12.8656865,77.6194878,09:15
LGCL One Street bangalore,13.0668077,77.6602794,08:30
Mantri Lithos bangalore,13.0544515,77.6194419,09:45
VBHC Vaibhava bangalore,12.756369,77.7024257,08:15
Citrus Zen Garden bangalore,13.0683918,77.6049617,08:15
Griha Unnathi bangalore,13.0590857,77.6590355,09:30
Hebron Avenue bangalore,13.0323,77.6994231,11:00
Vivansaa Blessings bangalore,12.9124021,77.6387393,08:00
Unishire Verzure bangalore,13.0756934,77.6173763,10:45
Connected Living Whitefield bangalore,13.0345602,77.7896753,09:15
Pavani Sarovar bangalore,12.9726354,77.7340972,08:30
Kataria Builteck Residency bangalore,12.8213574,77.6876728,08:00
LGCL Pueblo bangalore,12.8666049,77.6672102,08:45
Prestige Kensington Gardens bangalore,13.051404,77.5369911,09:00
Millennia Montagna bangalore,12.9715987,77.5945627,10:30
Ozone Evergreens bangalore,12.9088641,77.6628913,08:15
DivyaSree Republic Of Whitefield bangalore,12.9662768,77.7243859,09:45
Pranavas BSR Gitaaar bangalore,12.9422451,77.7014517,09:15
Prestige Palms bangalore,12.9805009,77.7435987,08:15
S2 Avantikaa bangalore,12.8569538,77.7662866,08:45
Alpine Fiesta bangalore,12.996111,77.7203321,08:30
Suvastu King George Avenue bangalore,12.9066722,77.6430258,09:15
Godrej Platinum bangalore,13.0547182,77.5937366,10:15
Sonestaa Meadows bangalore,12.9488884,77.7214587,09:00
Ajantha Prime bangalore,12.862021,77.6623552,08:45
Kumari Lotus bangalore,12.9033063,77.6846818,11:00
RJ Lake Gardenia bangalore,13.018249,77.707173,09:45
BRR Sai Sankalp bangalore,12.9976477,77.7598434,08:15
Adarsh Palm Retreat Condominiums bangalore,12.9197319,77.6901979,10:30
Citrus Polaris  bangalore,13.06663,77.656796,08:45
Samruddhi Winter Green bangalore,12.9389418,77.7129508,08:15
Citrus Aries Lakeview bangalore,13.077676,77.6104505,08:00
Jayanth Santis bangalore,13.1115752,77.5722524,10:45
Ittina Neela bangalore,12.831385,77.700493,09:30
Aswan The Marquis bangalore,12.9713671,77.6119065,09:15
Purva City of Gold bangalore,12.887104,77.5521255,08:45
Aishwarya Splendour bangalore,12.8964934,77.5858455,10:30
DSMAX SAANJH bangalore,12.874364,77.6173867,08:45
Purva City of Gold bangalore,12.887104,77.5521255,09:00
Fire Luxur The Empyrean bangalore,12.9048299,77.8677685,08:00
MS Royal Sunnyvale bangalore,12.7384134,77.7085666,08:45
Prodaacon Mounika Espancia bangalore,13.0371268,77.6643917,10:45
Garuda Estilo Homes bangalore,12.9948427,77.7645333,08:30
Pride Enchanta Phase I bangalore,12.9478889,77.5353712,10:15
Apex Crystal bangalore,12.9715987,77.5945627,10:45
Gomati Iris bangalore,12.8033514,77.6714398,10:45
NBR Green Valley bangalore,12.8162764,77.8628083,08:00
Aditi Tropica bangalore,12.919196,77.668466,11:00
Fortuna Krrish bangalore,13.0407862,77.6753256,08:15
Cleartitle The Rare Earth bangalore,12.8784133,77.7097953,10:30
Sobha Petunia bangalore,13.0398047,77.6124624,09:30
DLR Sabarmati Enclave bangalore,13.0258664,77.6803306,09:15
Bangalore Regency Canterbury Castles bangalore,13.014444,77.629186,08:15
Slv Parkview bangalore,13.0459165,77.5419656,09:15
E Golden Abode bangalore,12.8511396,77.6735544,10:45
Sobha Arena - The Plaza bangalore,12.8642033,77.53674,08:15
Richmond Lake View bangalore,12.7995085,77.6563883,08:00
NCN Platina bangalore,12.9373858,77.7374738,10:45
Akme Harmony bangalore,12.9224347,77.6711293,08:15
Gnana Bhoomi bangalore,13.2805947,77.6198082,09:15
Sumo Leaves bangalore,12.878726,77.5444685,09:45
TG Lakevista bangalore,12.8734735,77.6343724,09:00
Oceanus Classic bangalore,13.005386,77.7316052,09:30
Prestige Monte Carlo bangalore,13.1152916,77.5774514,08:45
Mythri Arteor bangalore,12.8874178,77.6294089,08:30
Sri Amethyst bangalore,13.0047047,77.7145949,11:00
Brigade Gardenia bangalore,12.8879764,77.5781273,09:00
Midtown Rhythm bangalore,12.960095,77.741935,11:00
Richmond Lake View bangalore,12.7995085,77.6563883,08:00
Mahaveer Riviera bangalore,12.8930968,77.5883631,08:30
Jeevanadi Sampoorna bangalore,13.0643327,77.5697312,09:45
Century Linea bangalore,13.0698545,77.6037801,10:15
Shanders Dwellington bangalore,12.8476197,77.6881725,10:30
TG Lakevista bangalore,12.8734735,77.6343724,09:00
Mahaveer Tranquil bangalore,12.9679039,77.7328695,09:30
SLS Square bangalore,12.9719967,77.7153684,09:45
Oceanus Classic bangalore,13.005386,77.7316052,08:30
Prestige Monte Carlo bangalore,13.1152916,77.5774514,08:45
Aratt Aeris Residences bangalore,12.9824845,77.6460185,08:15
Mythri Arteor bangalore,12.8874178,77.6294089,10:30
Nitesh Hyde Park bangalore,12.8717726,77.5979352,10:45
Prestige Laughing Waters bangalore,12.9602478,77.7379568,08:00
Nagarjuna Maple Heights bangalore,12.9935525,77.6838545,11:00
Sobha Palladian bangalore,12.9541525,77.6893828,10:15
Sobha Iris bangalore,12.9328719,77.6846695,09:00
Vista The 450 RMV bangalore,12.9715638,77.6127715,10:30
CLPD Suncity Apartments bangalore,12.9026338,77.7069423,11:00
Sobha Rajvillas bangalore,12.9785119,77.5631574,10:30
Embassy Springs bangalore,13.2026171,77.6241374,09:30
Aakruthi Aura bangalore,12.9650697,77.7510877,09:15
Sobha Sunscape bangalore,12.8643066,77.5212751,08:30
Odion Rainbow Retreat bangalore,12.8957846,77.6865903,10:30
Shriram Suhaana bangalore,13.1335429,77.5729612,08:00
The Manya Magna Ville bangalore,12.8560454,77.6491728,09:30
Akme Encore bangalore,12.9725255,77.7133728,11:00
Vertex Venezia bangalore,12.9274179,77.7389044,09:45
Bijith Kripa bangalore,13.257391,77.7088976,09:45
Sobha Eternia bangalore,12.9035751,77.6649043,09:30
Artha Reviera bangalore,12.7697881,77.6981747,08:15
Soundarya Kamakshi bangalore,12.9835136,77.5299315,10:30
Comfort Heights bangalore,12.8874544,77.5537026,08:30
Definer Kingdom bangalore,13.073524,77.7446716,10:15
NS Paradise Township bangalore,13.0040017,77.717381,09:45
Skav Ohana bangalore,13.0225129,77.7147406,08:45
Prestige Notting Hill bangalore,12.8726581,77.5945658,10:30
Nitesh Forest Hills bangalore,13.0159262,77.7626956,10:45
SRC blue bells bangalore,12.8328724,77.6897124,10:30
Maangalya Prosper Apartment bangalore,12.8652341,77.5576347,10:15
GRC Brundavan bangalore,12.9393493,77.5190858,08:00
Amrutha Value bangalore,12.9706326,77.7367999,09:45
AR Splendor Park bangalore,13.042217,77.6552918,08:45
HW Archstone bangalore,13.0290541,77.6302934,10:45
Cleartitle Old Bangalore bangalore,12.916974,77.63152,09:15
Rajarajeshwari Parasmani Regency   bangalore,12.9404754,77.5813465,08:00
SV Lakshmi Nivas bangalore,13.0395202,77.6621751,09:00
Aban Desire bangalore,12.8281273,77.7766475,10:45
SGS Silver Oak bangalore,12.915705,77.5486503,10:15
Skyline Bagmane Champagne Hills bangalore,12.858472,77.5818416,08:00
Sai Ashirwad Natures Nest bangalore,12.835969,77.691623,09:45
RR Signature bangalore,13.0800374,77.6337759,10:30
Sobha Chrysanthemum bangalore,13.0601142,77.6368556,09:15
Century Artizan bangalore,13.129355,77.595041,10:30
Regency Pinnacle Heights bangalore,13.0624834,77.626811,10:45
Keerthi Krishna Viva bangalore,12.9106527,77.6840375,11:00
Vestaa Lushes bangalore,12.8496595,77.7347463,08:45
Shravanthi Sunniva Willow bangalore,12.8528408,77.7827893,08:45
SV Lakshmi Nivas bangalore,13.0395202,77.6621751,09:30
DS Max Sankalp Manor bangalore,13.0396616,77.6726014,11:00
AR Splendor Park bangalore,13.042217,77.6552918,10:45
Aban Desire bangalore,12.8281273,77.7766475,08:45
Garuda Blossom bangalore,13.017519,77.7090184,11:00
Century Artizan bangalore,13.129355,77.595041,09:00
Shravanthi Sunniva Willow bangalore,12.8528408,77.7827893,10:15
Akshaya Regalia bangalore,12.897131,77.5264058,09:45
Sobha Onyx bangalore,12.9245191,77.6528063,11:00
Hita Malibu Rosita bangalore,12.9417311,77.7510344,10:30
Bhadra Legacy bangalore,12.9746481,77.624852,09:30
Spectra Palmwoods bangalore,12.9617125,77.7324062,08:30
Suncrest Pebbles bangalore,12.9364507,77.7274439,08:30
Bhartiya City Leela Residences bangalore,13.084283,77.642781,08:45
Greenwood Regency bangalore,12.9138057,77.6833284,08:15
Sipani Santa Monica bangalore,12.940446,77.623403,10:45
Midwest Elita bangalore,13.1215868,77.6205622,10:30
Hoysala Ace Phase II bangalore,13.0663641,77.5869966,08:15
Brindavan Palms bangalore,12.8730823,77.6671062,08:45
Woodshire Emerson Park bangalore,13.0350995,77.7520959,08:00
Sterling Villa Grande Phase 2 bangalore,13.011181,77.7597398,09:45
Raynal Gardens bangalore,12.9767323,77.5148708,10:30
Mantri Alpyne bangalore,12.9042533,77.5274646,09:45
Ds Max Sherwood bangalore,12.9220588,77.7231568,10:45
Legacy Cataleya bangalore,12.985034,77.595768,09:30
Purva Vantage bangalore,12.9064791,77.6450269,08:00
Mamtha Elite bangalore,12.9100769,77.7039706,09:45
Basava Pride bangalore,13.01401,77.717031,08:00
Celebrity Pride bangalore,12.8079224,77.7774934,08:30
DSR White Waters bangalore,12.9167469,77.7168083,08:15
Splendid Elite bangalore,12.8977003,77.6678125,09:30
Ds Max Sherwood bangalore,12.9220588,77.7231568,09:30
Sri Lakshmi Vallabha Land Mark bangalore,12.890488,77.5521392,10:30
SM Zinnia bangalore,12.932482,77.7264103,09:15
Rohan Jharoka bangalore,12.9482601,77.6765682,08:30
UKN Esperanza bangalore,12.9525107,77.7206956,08:00
Melange Smart Neighbourhoods bangalore,12.8578542,77.7978698,08:00
Sona Vistaas bangalore,12.8811223,77.6195792,10:30
Purva Vantage bangalore,12.9064791,77.6450269,08:15
Wisteria at Brigade Meadows bangalore,12.8150853,77.5067053,08:45
Mangilal Heerraji Sites and Villas bangalore,12.773142,77.484082,10:15
Legacy Cataleya bangalore,12.985034,77.595768,08:15
NCN Crystal bangalore,12.9750622,77.7588202,10:30
Aratt Grand Town bangalore,12.7401871,77.6791026,08:45
ASN Galaxy bangalore,13.0292141,77.661057,10:30
Golden Leaf Luxury Apartment bangalore,12.915528,77.6254919,10:15
Pavilion Villas at Brigade Orchards bangalore,13.237063,77.72428,10:15
Basava Pride bangalore,13.01401,77.717031,11:00
Celebrity Pride bangalore,12.8079224,77.7774934,10:15
DSR White Waters bangalore,12.9167469,77.7168083,09:15
Koncept Lake View bangalore,13.0629474,77.6230776,08:15
Fortius Waterscape bangalore,13.019696,77.721148,10:15
Mantri Glades bangalore,12.9113224,77.6847566,09:15
RMZ Latitude bangalore,13.0563101,77.5951032,08:45
NM Sai Sunshine bangalore,12.9479238,77.7126668,09:00
Divya JSR Limelite bangalore,13.0694591,77.530547,08:45
GM Infinite Elegance Tower bangalore,12.9165545,77.6184368,08:45
Zonasha Elegance bangalore,12.8988592,77.6682758,09:45
Krishna Brighton bangalore,13.1035207,77.5796734,08:00
B&B Opulent Spire bangalore,12.9216975,77.5997916,08:45
Krishna Arya Elegant bangalore,13.0165757,77.5475265,10:45
Unishire Belvedere Premia bangalore,13.0726436,77.6183587,09:15
Subhodaya Luxuria bangalore,12.9372251,77.7045745,09:45
Zonasha Elegance bangalore,12.8988592,77.6682758,08:30
SJR Residency bangalore,12.9276275,77.6891907,08:00
B&B Opulent Spire bangalore,12.9216975,77.5997916,08:15
Kumar Kino Platinum bangalore,12.985738,77.5748938,10:30
Aristo Marvel bangalore,12.8384012,77.6470954,11:00
Desai Grandeur bangalore,12.976704,77.7584705,09:15
Hiranandani Upscale Bannerghatta bangalore,12.876606,77.610831,08:30
SM Zinnia bangalore,12.932482,77.7264103,10:45
Sobha City Casa Serenita bangalore,13.0769388,77.6394475,09:15
SK Daisy bangalore,12.832197,77.648919,08:30
Rohan Jharoka bangalore,12.9482601,77.6765682,11:00
ATZ Ultima bangalore,13.0571116,77.6282134,10:15
DSMax Star Nest bangalore,12.9238214,77.4766588,10:45
Melange Smart Neighbourhoods bangalore,12.8578542,77.7978698,10:30
Global Villas bangalore,12.8592252,77.646217,11:00
Klassik Benchmark bangalore,12.8716449,77.5962133,10:30
Vaswani Claremont bangalore,12.9485069,77.7173176,08:30
NCN Crystal bangalore,12.9750622,77.7588202,09:30
Vivansaa Baalsam bangalore,12.9124021,77.6387393,10:15
Kumari Amaranthine bangalore,12.9176952,77.6973403,08:45
Aratt Grand Town bangalore,12.7401871,77.6791026,08:15
ASN Galaxy bangalore,13.0292141,77.661057,11:00
Golden Leaf Luxury Apartment bangalore,12.915528,77.6254919,08:45
Pavilion Villas at Brigade Orchards bangalore,13.237063,77.72428,09:15
Estella Maple Square  bangalore,12.8929578,77.6742451,10:15
Saiven The Hamptons bangalore,12.9105043,77.6516836,10:15
Ajmera Green Acres bangalore,12.8679098,77.5935277,09:00
Reliaable Lifestyle bangalore,12.8951713,77.668645,08:15
SNN Raj Lakeview bangalore,12.9039732,77.6083714,09:30
Cansa Dhiya bangalore,12.9307557,77.7112407,09:45
BSR Towers bangalore,13.0281274,77.6896923,10:15
Unishire Belvedere Premia bangalore,13.0726436,77.6183587,10:45
Krishna Arya Elegant bangalore,13.0165757,77.5475265,09:45
SJR Residency bangalore,12.9276275,77.6891907,09:45
Adhishree SunShine bangalore,13.0851417,77.6070356,09:30
MIMS Northbrook bangalore,13.0767278,77.659311,09:15
MBR Gem Park Villa bangalore,12.8699879,77.8103632,10:15
Sai Siri Heritage bangalore,12.9080207,77.488539,11:00
Jains Aashraya bangalore,12.8436657,77.5877827,10:15
DLF Woodland Heights bangalore,12.7828926,77.6581565,08:15
Maa Nivasam bangalore,12.9989205,77.7228561,08:30
Desai Grandeur bangalore,12.976704,77.7584705,10:15
Soma White House bangalore,12.8753207,77.6355191,09:45
Sunland Serene Hills bangalore,12.796947,77.531457,09:30
CMRS Palm Hills bangalore,13.3526756,77.7221923,08:30
