Name,Latitude,Longitude
Purva Skydale bangalore,12.894033,77.6623617
Salarpuria Sattva Cadenza bangalore,12.889441,77.6402211
Shriram Summitt bangalore,12.8360678,77.6672418
Shriram Luxor bangalore,13.085249,77.6549154
Ecolife Elements Of Nature bangalore,12.9387277,77.7311262
Salarpuria Sattva East Crest bangalore,13.043223,77.7482414
Shriram Greenfield Phase 1 bangalore,13.0708496,77.7512724
Century Infiniti bangalore,12.8975268,77.6772502
Vaswani Exquisite bangalore,12.98979,77.7242795
Vaishnavi Gardenia bangalore,13.0425402,77.5194121
Bren Edgewaters bangalore,12.9022215,77.6699666
DSMAX SAROVAR bangalore,12.7815368,77.7818487
Niranjan Tridha bangalore,12.8810058,77.6361614
Bren Imperia bangalore,12.9068814,77.671808
Nandi Citadel bangalore,12.8613592,77.6068838
Sobha Avenue bangalore,13.0287887,77.7496788
Provident Sunworth bangalore,12.8818045,77.4705858
Purva Northern Waves bangalore,13.0630984,77.6629563
Prestige Falcon City bangalore,12.885663,77.563775
Mahaveer Ranches bangalore,12.8783657,77.6708668
SNN Raj Etternia bangalore,12.8905902,77.6681103
Karsten Palm Groves bangalore,12.7741873,77.6961678
Salarpuria Sattva Celesta bangalore,13.018456,77.703632
DSMAX SKYCITY bangalore,13.0810365,77.6343988
Meda Greens bangalore,12.9206595,77.4926622
Phoenix One Bangalore West bangalore,13.0097168,77.5540958
Salarpuria Sattva Greenage Phase II bangalore,12.9024372,77.6313115
Mahidhara Fortune City bangalore,12.7748955,77.7830251
Candeur Carlisle bangalore,12.9969877,77.6899549
Arya Hamsa Grande bangalore,12.8595081,77.574026
Pashmina Waterfront bangalore,13.0244407,77.7116346
Purva Palm Beach bangalore,13.0631903,77.6626025
Prestige Song Of The South bangalore,12.8620814,77.6137471
Skylark Ithaca bangalore,13.0124263,77.7355337
Salarpuria Sattva Laurel Heights bangalore,13.060724,77.507677
Sumo Sonnet bangalore,12.889868,77.6488791
Kritan Ira bangalore,12.8211271,77.660999
MDVR Byrathi Residency bangalore,13.0536883,77.6572283
Candeur Landmark bangalore,12.9218714,77.7373607
Sterling Ascentia bangalore,12.92889,77.681633
Vaishnavi Terraces bangalore,12.904254,77.599514
Sobha Dream Acres bangalore,12.9391021,77.7376639
PSR Krish Kamal bangalore,12.8404406,77.6435767
GP North Avenue bangalore,13.0827637,77.622828
Hiren High Cliff bangalore,12.9124433,77.6517185
JR Nexus bangalore,12.7715636,77.7018348
G Corp The Icon bangalore,13.0473654,77.6254839
Mahendra Aarna bangalore,12.8348265,77.6910718
Mittal Elanza bangalore,13.1036043,77.6208274
Mantri Energia bangalore,13.0543825,77.6194839
Prestige Misty Waters phase 1 bangalore,13.046145,77.601622
Sobha Heritage bangalore,12.9312565,77.5290121
The County Address bangalore,12.8807869,77.7875912
Rohan Akriti bangalore,12.8904448,77.538187
Salarpuria Sattva Divinity bangalore,12.9403192,77.5252055
Casagrand Lorenza bangalore,13.099928,77.6331637
Premier Inspira Maplewood bangalore,12.9054239,77.6993194
Orchid Whitefield bangalore,12.9643023,77.7575018
The Central Regency Address bangalore,12.9210342,77.6706402
Ahad Excellencia bangalore,12.8825179,77.6905147
Janaadhar Shubha Phase II bangalore,12.7379428,77.7343688
Keerthi Royal Palms bangalore,12.8622252,77.6605814
Prestige Pine Wood bangalore,12.9312272,77.6345867
Durga Petals bangalore,12.9757699,77.6972803
Premier Inspira Maplewood bangalore,12.9054239,77.6993194
The Central Regency Address bangalore,12.9210342,77.6706402
Assetz Marq bangalore,13.0244172,77.7619875
Mana Tropicale bangalore,12.8800875,77.6928716
DSR Waterscape bangalore,13.0452085,77.6794603
Tata New Haven bangalore,13.1023847,77.441715
Total Environment Learning To Fly bangalore,12.9054503,77.5830406
Hiranandani Queensgate bangalore,12.8740261,77.6100293
Arge Urban Bloom bangalore,13.0259697,77.5329519
Prestige Bagamane Temple Bells bangalore,12.9307632,77.5217595
Brigade Exotica - Azure Tower bangalore,13.0443079,77.7450129
Celebrity Serenity bangalore,12.795757,77.650302
Prestige Tranquility bangalore,13.0655118,77.743832
Smart Homz Blue Bells bangalore,12.7851117,77.7770002
Brigade Caladium bangalore,13.0559515,77.596732
S2 Homes The Water Grove bangalore,12.8368015,77.6871048
Assetz 63 Degree East bangalore,12.8853283,77.7047401
CoEvolve Northern Star bangalore,13.081174,77.625001
Purva Sunflower bangalore,12.9758193,77.5570922
Upkar Oakland bangalore,12.7813035,77.7622283
Sashank Advaith bangalore,12.8917332,77.6816863
SMD Altezz bangalore,12.99911,77.7526073
Chowriappa Constellation bangalore,13.0547139,77.6465134
The Phoenix Mills Kessaku bangalore,13.0107038,77.5536372
Orchid Greens bangalore,13.0879221,77.6554441
Embassy Boulevard bangalore,13.1479839,77.6389992
Century Breeze bangalore,13.0958355,77.6011008
The Phoenix Mills Kessaku bangalore,13.0107038,77.5536372
Prestige Royale Gardens bangalore,13.1395085,77.5706395
Brigade Panorama bangalore,12.8870631,77.4537078
SJR Palazza City bangalore,12.9046539,77.6984995
Garuda Vista bangalore,12.9852446,77.6867056
Sri Nandana Royal bangalore,12.8337182,77.7014436
Vaishnavi North 24 bangalore,13.052728,77.597305
Prestige West Woods bangalore,12.9776982,77.5647402
Bren Champions Square bangalore,12.901324,77.7085945
Beverly Hills bangalore,12.8912793,77.5392322
Arge Helios bangalore,13.0654977,77.6515365
SOBHA Arena - The Park bangalore,12.8642033,77.53674
GK Tropical Springs bangalore,12.9846992,77.7761359
Gravity Nakshatra bangalore,13.073371,77.8041139
Brigade Cosmopolis - Phase 1 & 2 bangalore,12.9621546,77.7461421
Gopalan Olympia bangalore,12.8753163,77.4501207
Legacy Cirocco bangalore,13.087229,77.596148
Vajram Tiara bangalore,13.1377116,77.5693818
Century Ethos bangalore,13.0616882,77.5950079
Frontier Heights bangalore,12.9055155,77.6756456
Whitestone Rosario bangalore,13.013394,77.735935
Casagrand Royce bangalore,13.0095427,77.7301136
Sowparnika Purple Rose bangalore,13.0996181,77.8114343
Casagrand Esmeralda bangalore,12.8356242,77.7668846
Mahaveer Zephyr bangalore,12.900891,77.6193205
Valmark Orchard Square bangalore,12.870642,77.5860474
Purva Highland bangalore,12.8539676,77.5446017
Vasathi Avante bangalore,13.0606229,77.6222783
Brigade Lakefront - Amber Block bangalore,12.9789932,77.7113528
Vajram Elina bangalore,13.0781,77.6373728
Gopalan Lake Front bangalore,12.8377608,77.6764512
Shriram Southern Crest bangalore,12.9058075,77.5723024
Bavisha Urban Homes bangalore,12.8594994,77.765354
Mantri Serenity bangalore,12.8869436,77.5513736
Salarpuria Sattva Misty Charm bangalore,12.8638771,77.5432976
Hara Vijaya Heights bangalore,12.8634786,77.526696
ELV KingsLand bangalore,12.9694606,77.7414335
MBR Shangri La bangalore,12.9218502,77.4926026
Keya Homes The Green Terraces bangalore,12.8220091,77.6563314
SNN Clermont bangalore,13.0412129,77.6093979
Mahaveer Turquoise bangalore,12.8672756,77.6441932
TATA The Promont bangalore,12.9208104,77.5367614
NVT Life Square bangalore,12.9754639,77.7639204
Ozone WF48 bangalore,12.9954655,77.6948322
Sobha Royal Pavilion bangalore,12.8962858,77.702125
Saiven Siesta bangalore,12.8888172,77.7683326
Salarpuria Sattva Northland bangalore,13.082285,77.654127
Legacy Eldora bangalore,13.102545,77.623708
Pride Enchanta Phase II bangalore,12.9478889,77.5353712
Vriksha by Provident bangalore,12.9960104,77.4848412
Mahaveer Cygnet bangalore,13.1024979,77.617163
Mahaveer Palatium bangalore,12.7579595,77.6143312
Sashank Aavaas bangalore,13.1041866,77.5473949
Brigade Woods bangalore,12.9783211,77.7338514
Vaishnavi Oasis bangalore,12.8735596,77.5638325
Bren Woods bangalore,12.8617047,77.6832261
KVG Grandeur bangalore,13.0274574,77.6900306
Godrej Air bangalore,12.9886656,77.7118501
Bhartiya City Nikoo Homes II bangalore,13.085357,77.644525
KVG Grandeur bangalore,13.0274574,77.6900306
Vaishnavi Oasis bangalore,12.8735596,77.5638325
NCN Swasthi bangalore,13.0187542,77.6305949
Godrej Air bangalore,12.9886656,77.7118501
Sashank Aavaas bangalore,13.1041866,77.5473949
L&T Raintree Boulevard bangalore,13.0690275,77.5907992
Aparna Elina bangalore,13.0200021,77.5518105
Eden and Serene at Brigade Cornerstone Utopia bangalore,12.9344677,77.7439053
Bren Woods bangalore,12.8617047,77.6832261
DNR Casablanca bangalore,12.9941357,77.6892331
Suvastu Oak Leaf bangalore,12.8810346,77.7602039
Mahaveer Horizon bangalore,13.00245,77.708823
DSMAX SKYCLASSIC bangalore,12.8178837,77.6708954
Godrej Reserve bangalore,13.2417155,77.7137306
GR Elysium 3 bangalore,13.0000972,77.7514952
DSMAX SKYSCAPE bangalore,13.0550595,77.6830226
Shri Sai Mounika Park Vesta bangalore,13.0415694,77.6487652
Mahindra Lifespace Windchimes Phase II bangalore,12.88624,77.597681
Goyal Orchid Woods bangalore,13.0663138,77.6507041
Sai Charan Hill View bangalore,12.8904203,77.5148337
Prestige Kew Gardens bangalore,12.9481617,77.6809412
Deccan Habitat bangalore,13.029479,77.545092
Klassik Landmark Phase 2 bangalore,12.8956917,77.6775754
Sobha Morzaria Grandeur bangalore,12.9339158,77.6019266
Poorvi Shreenivasa Grand bangalore,12.885729,77.537075
DSMAX SAVERA bangalore,12.9060634,77.5403467
NVT Mystic Garden bangalore,12.7924016,77.7792542
GRC Subhiksha bangalore,12.8848843,77.6819939
Rohan Iksha bangalore,12.9266782,77.6990608
DNR Reflection bangalore,12.9240559,77.668665
Vaishnavi Serene bangalore,13.1241534,77.5672242
Uber Verdant bangalore,12.906937,77.699942
Aashrayaa Eternia bangalore,12.8842757,77.6279557
Tirumala Heights bangalore,12.878639,77.672014
Total Environment Pursuit of A Radical Rhapsody bangalore,12.99143,77.7205139
New Dawn bangalore,12.8640688,77.6979503
SJR Blue Waters bangalore,12.8847986,77.6675021
Salarpuria Sattva Opus bangalore,13.0445527,77.5088305
Embassy Lake Terraces bangalore,13.0499669,77.5933108
Yuva Eka bangalore,12.8759951,77.6421833
Grand Gandharva bangalore,12.9320964,77.5102245
LGCL New Life Villas bangalore,12.884808,77.685152
Reliaable Residenza bangalore,12.8656562,77.690064
NBR Trifecta bangalore,12.8381526,77.8432415
Cynosure White Spaces bangalore,12.9899643,77.7818536
Vaswani Walnut Creek bangalore,12.8935672,77.6938473
Reliaable Dollar Colony bangalore,12.8681733,77.6951194
The Lake View Address bangalore,12.833466,77.669921
Provident Rays Of Dawn bangalore,12.8816933,77.4716101
Godrej Eternity Life Plus bangalore,12.8561767,77.5418038
GAG Classic Amrutha bangalore,12.8750421,77.5439551
Peninsula Heights bangalore,12.915558,77.592652
The Address Makers Serenity bangalore,12.92781,77.632888
GR Regent Park bangalore,12.8551283,77.5936002
Purva 270 bangalore,12.9863396,77.6670031
Concorde Spring Meadows bangalore,13.064828,77.5051758
Emmanuel Heights bangalore,12.8921796,77.6738289
Salarpuria Sattva Greenage bangalore,12.9024372,77.6313115
Brigade Panorama Phase II bangalore,12.8870631,77.4537078
Total Environment In That Quiet Earth bangalore,13.0527303,77.677491
DSR White Waters Phase II bangalore,12.9174004,77.7168506
Salarpuria Sattva Senorita bangalore,12.9105194,77.6825606
Prestige Lake Ridge bangalore,12.8968323,77.5411672
Brigade 7 Gardens bangalore,12.895314,77.5302144
Godrej United bangalore,12.9943081,77.7044977
MJR Clique Hydra bangalore,12.8294758,77.6661048
Legacy Vivienda bangalore,13.1857708,77.6603103
Total Environment After The Rain bangalore,13.1573953,77.6016927
VBC Oracle Heaven bangalore,13.0730645,77.6437319
Assetz Soul & Soil bangalore,12.930827,77.538199
Bhartiya City Nikoo Homes bangalore,13.085357,77.644525
Purva The Sound Of Water bangalore,12.8505636,77.6019434
Sky Court bangalore,12.9418086,77.7023823
Brigade Exotica - Burgundy Tower bangalore,13.0443079,77.7450129
Vajram Esteva bangalore,12.9306574,77.6864719
Brigade Orchards Luxury Apartments bangalore,13.230003,77.7236208
Aratt Milano bangalore,12.8677967,77.6978713
Skanda Avani C99 bangalore,12.90952,77.724401
Brigade Altamont bangalore,13.0609295,77.6417051
Mana Foliage bangalore,12.834063,77.7426949
Brigade Meadows bangalore,12.8141256,77.5081942
Sansidh Galaxy bangalore,13.0658986,77.6239986
Myhna Maple bangalore,12.934066,77.741577
DSMAX STARRY bangalore,12.8288136,77.6511943
Brigade Bricklane bangalore,13.1003515,77.6320051
Orbis BVS Avenues bangalore,12.9582656,77.7466265
Arvind Skylands bangalore,13.0892362,77.6014
Prestige Jindal City bangalore,13.0542876,77.4840424
Orbis BVS Avenues bangalore,12.9582656,77.7466265
Aratt Premier bangalore,12.9813098,77.7095717
Vajram Esteva bangalore,12.9306574,77.6864719
Prestige Jindal City bangalore,13.0542876,77.4840424
Global Golden Pearl bangalore,12.787143,77.777111
Gopalan Sanskriti bangalore,12.9128816,77.4958233
Kolte Patil I TOWERS Exente bangalore,12.849516,77.669984
Venkat Windsor East bangalore,13.0375925,77.7082434
Provident Park Square Phase II bangalore,12.8636392,77.5406447
Svamitva Sylvia CIty bangalore,13.0530435,77.7619136
Sobha Silicon Oasis bangalore,12.867993,77.6612248
Disha Courtyard bangalore,12.974269,77.7568397
Krish Eirianwen bangalore,13.0183013,77.7252647
Mahaveer Celesse bangalore,13.1500949,77.6179438
Zonasha Paradiso bangalore,12.9754771,77.7038489
DSMAX SKYLISHCIOUS bangalore,12.834025,77.7865073
Saranya Soham bangalore,12.9492971,77.7166496
NYK Metro Urbano bangalore,12.8919021,77.6376131
Aratt Vivera bangalore,12.8687962,77.6258232
Sekhar Olympus bangalore,13.0311397,77.6579922
Ozone Urbana bangalore,13.2032646,77.6635981
GM Infinite E City Town Phase II bangalore,12.8192308,77.66407
The Gran Carmen Address bangalore,12.90064,77.711096
Hiranandani Glen Classic bangalore,13.0530787,77.5743451
Advaitha Aksha bangalore,12.9262427,77.6405757
Legacy Salvador bangalore,13.1201364,77.581033
Salarpuria Sattva Anugraha bangalore,12.9827531,77.5186374
Concorde Napa Valley bangalore,12.7861871,77.5123704
Salarpuria Sattva Aspire bangalore,13.083073,77.6543973
Brick N Land Garden and Skies bangalore,12.9085662,77.6446577
42 Queens Square bangalore,12.8525569,77.7825326
Assetz Earth & Essence bangalore,13.1480106,77.6416023
Salarpuria Sattva Aspire bangalore,13.083073,77.6543973
Mantri Webcity bangalore,13.0735045,77.6511247
Brigade Buena Vista Phase I bangalore,13.0639183,77.7397329
Shriram Greenfield Phase 2 bangalore,13.0708496,77.7512724
Rohan Upavan bangalore,13.0559341,77.6611702
SSB Urban Lotus bangalore,12.8671125,77.6862204
Pride Sunrise bangalore,12.8754555,77.6032484
SLV Pragathi Amber bangalore,12.8363904,77.6977372
SKS Garden bangalore,12.9715987,77.5945627
Bhartiya City bangalore,13.0832763,77.6423729
Assetz Marq Phase 2 bangalore,13.0244172,77.7619875
Surbacon Aspen bangalore,13.0861508,77.6240355
Artha Emprasa Startup City bangalore,13.119653,77.802262
M1 Terra Alegria bangalore,13.1042593,77.7748724
Banashree Arka Forest View bangalore,12.7425352,77.6683509
Godrej Aqua bangalore,13.1461447,77.6376119
SLV Central park bangalore,13.0371494,77.7517183
Sobha Palm Court bangalore,13.1041146,77.6062964
MJR Clique Hercules bangalore,12.8297958,77.6660848
Klassik Landmark bangalore,12.8956917,77.6775754
Subhams Antique City bangalore,13.0468846,77.7523614
Kritan Iris bangalore,12.8361701,77.6966127
Vaishno Solitaire bangalore,13.011668,77.6712713
Purva Whitehall bangalore,12.9170738,77.6722151
Countryside Raindance bangalore,12.832239,77.6595798
Meda Eternity bangalore,13.0289204,77.7079727
Shriram Blue bangalore,13.0166354,77.7281167
Aakruti Amity  bangalore,12.8340825,77.6950016
Shriram Blue bangalore,13.0166354,77.7281167
Adonis Plots bangalore,13.2320575,77.7402329
Aakruti Amity  bangalore,12.8340825,77.6950016
Hilife Greens bangalore,12.9303537,77.7302936
Prestige Deja Vu bangalore,12.9957229,77.6079918
Brigade Parkside East bangalore,12.9026133,77.7018458
Sobha City bangalore,13.077151,77.6382007
SV Spring Woods bangalore,12.8634456,77.532143
Home Town The Address bangalore,12.9382404,77.6871472
HM Crescendo bangalore,12.9886925,77.5941112
Supertech Micasa bangalore,13.097949,77.644494
Arvind Oasis bangalore,13.046621,77.502508
Century Central bangalore,12.8917718,77.565457
Geown Oasis bangalore,12.8826228,77.7831451
Shriram Codename Break Free bangalore,12.832357,77.7028035
Purnima Palmgrove bangalore,12.963659,77.6146487
Peninsula Solitaire bangalore,12.8657356,77.8052447
Elite Sai Gardens bangalore,13.280901,77.7262083
Bren Northern Lights bangalore,13.094024,77.6091061
Eshwaree Orchids bangalore,12.9715987,77.5945627
Orchid Piccadilly bangalore,13.0862364,77.6326754
Confident Sagitta bangalore,12.903687,77.7170089
VRR Golden Enclave bangalore,12.8236447,77.6529909
Saket Callipolis bangalore,12.9095176,77.68542
Aditya Palm Grove bangalore,12.9665264,77.6139089
Sobha City Santorini bangalore,13.0760867,77.6364212
Adarsh Citrine bangalore,12.8954456,77.5884526
Prestige Leela Residences bangalore,12.9604699,77.6500106
Sruthika Springfields bangalore,13.0776893,77.5385716
Assetz Here & Now bangalore,12.9136256,77.6382753
SNN Raj Grandeur bangalore,12.9025603,77.6247599
Mahaveer Jasper bangalore,12.8827394,77.5861908
Prestige Royal Garden 1 bangalore,13.1395085,77.5706395
Essem18 Poetree bangalore,12.9066586,77.6795801
SS Vrudhi bangalore,12.8623542,77.5286683
Subha 9 Sky Vue bangalore,12.7595383,77.7026349
Ajmera Lugaano bangalore,13.1097661,77.5587431
Umiya Woods Apartment bangalore,12.9752279,77.7452412
VSR Rejoice bangalore,12.9715987,77.5945627
V K Krishna Gardenia bangalore,12.8780046,77.5485323
Peram's Eco City bangalore,13.130345,77.8254697
SJR Hamilton Homes bangalore,12.8654578,77.6976643
GM Infinite Daffodils bangalore,13.0617529,77.507
Prestige White Meadows bangalore,12.9751074,77.7527258
Celebrity Natures Habitat bangalore,12.8161591,77.7928212
Kolte Patil Mirabilis bangalore,13.031804,77.661173
KNS Ojas bangalore,12.947932,77.445078
Provident Park Square Phase I bangalore,12.8636392,77.5406447
Keerthi Regalia bangalore,12.9103529,77.6846989
ND Magnolia Apartment bangalore,12.9745516,77.7679833
Brigade Atmosphere bangalore,13.2661949,77.7388028
Land Capital Primero bangalore,12.905134,77.7048731
SSVR Iris bangalore,12.9401171,77.7336308
Camellia Pride bangalore,12.9334857,77.7485129
Trinco Nandanavana bangalore,12.9147753,77.6041391
North Gardens bangalore,12.9715987,77.5945627
Lotus Petals bangalore,12.8572384,77.5989777
Soni Tranquil bangalore,12.9001488,77.5926141
Taapasi Rosevista bangalore,13.1251357,77.6450215
SVR Green Woods bangalore,12.9478872,77.7224729
SD Aashrita bangalore,43.9695148,-99.9018131
Sidvin Grace Apartment bangalore,12.960705,77.4971036
SJR Hamilton Homes bangalore,12.8654578,77.6976643
Trinco Nandanavana bangalore,12.9147753,77.6041391
North Gardens bangalore,12.9715987,77.5945627
Lotus Petals bangalore,12.8572384,77.5989777
Kolte Patil Mirabilis bangalore,13.031804,77.661173
Prestige Lakeside Habitat bangalore,12.9299576,77.7401083
Provident Park Square Phase I bangalore,12.8636392,77.5406447
Brigade Atmosphere bangalore,13.2661949,77.7388028
Prestige Fontaine Bleau bangalore,12.9757829,77.7417992
Vasundra Krishnashreya bangalore,12.9797094,77.4993114
SSVR Iris bangalore,12.9401171,77.7336308
Assetz Leaves & Lives bangalore,12.8864479,77.7051471
Soni Tranquil bangalore,12.9001488,77.5926141
SVR Green Woods bangalore,12.9478872,77.7224729
Samruddhi Nandana bangalore,13.0021832,77.7276819
Green City Eutopia bangalore,12.9097565,77.6099162
RS Sanchike bangalore,12.9232226,77.4780692
Brigade Buena Vista Phase II bangalore,13.0639183,77.7397329
Dhruv Paradise bangalore,12.9027777,77.6837666
Ahad Euphoria bangalore,12.8964286,77.7080676
Pramuk MM Meridian bangalore,12.93025,77.5751633
Saideep Hulas bangalore,13.0416462,77.7436449
Adarsh Tranqville bangalore,13.0779618,77.6533609
Adithya Tranquil bangalore,13.1207272,77.6080072
Prestige Summer Fields bangalore,12.9231407,77.6967126
Mahaveer Carnation bangalore,12.9666845,77.599546
Sanvi Sankalpam bangalore,12.9697226,77.7713555
MBR Suave bangalore,13.0073616,77.7506585
The Five Summit Address bangalore,12.985145,77.726751
Brigade Lakefront Blue bangalore,12.9789932,77.7113528
Royale Township bangalore,13.087926,77.4458392
Damden Vivo bangalore,12.8001258,77.7830215
Shri Balaji Ocean bangalore,12.839761,77.7256322
RR Roshan Platinum bangalore,12.8840635,77.6056889
Sekhar Casa Bianca bangalore,12.9387133,77.7162381
Concorde Epitome bangalore,12.8378157,77.6940515
KR Grand View Heights bangalore,13.0191483,77.672857
Assetz East Point bangalore,12.9212968,77.6945395
Trillium Apartment bangalore,12.867074,77.690808
Legacy Calista bangalore,13.111337,77.5681996
Purva Zenium bangalore,13.1460926,77.6389257
JRC Palladio bangalore,12.8275997,77.7729567
Sowparnika Tharangini bangalore,12.8831728,77.7877736
Expart The Wisdom Tree bangalore,13.0610879,77.6397579
Legacy Saviero bangalore,13.0239094,77.6618851
Godrej Eternity bangalore,12.8570477,77.5407321
Sri Balaji Monarch bangalore,12.9050736,77.704743
Sumadhura Eden Garden bangalore,13.0283684,77.7506927
Asset Arcadia bangalore,12.8249955,77.7556354
Sanjana Supreme bangalore,12.8821041,77.6198368
Embassy Edge bangalore,13.2459154,77.7145355
Lennar Edifice bangalore,12.9779258,77.7370902
MV Vajra Value Plus bangalore,12.879664,77.5523167
Sipani Bliss 1 bangalore,12.7808199,77.7239959
V Venture Essence bangalore,12.8921457,77.5902232
Sowparnika Indraprastha bangalore,12.9865162,77.822102
Pavani Divine bangalore,12.9831056,77.7181327
Bluejay Atmosphere bangalore,13.026091,77.481328
Vikas Hills View Meadows bangalore,12.896422,77.5299197
Bluejay Atmosphere bangalore,13.026091,77.481328
Pavani Divine bangalore,12.9831056,77.7181327
Bhartiya City 2 bangalore,13.0832763,77.6423729
Sanjana Supreme bangalore,12.8821041,77.6198368
V Venture Essence bangalore,12.8921457,77.5902232
Total Environment The Magic Faraway Tree Phase II bangalore,12.8596021,77.5298378
SLV Diamond bangalore,13.0375445,77.6358926
TooGoodHomes by Provident bangalore,13.0831589,77.6194189
SLV Lakshmi Narayana Nilaya bangalore,12.997227,77.621871
Chariot Windsor Castel bangalore,12.8595114,77.7685616
Citrus Florence bangalore,12.9715987,77.5945627
Dhiraan Newyork Meadows bangalore,12.7879805,77.7116203
Inner Spaces Meadow In The Sun bangalore,12.8982134,77.6726237
ND Around The Mangoes bangalore,12.9099636,77.6045095
Amigo Estella bangalore,13.0608351,77.6330036
SLV Magnum bangalore,12.9108838,77.6242128
Navami Funique bangalore,12.8695931,77.6546046
Bluejay Nine Forum bangalore,12.8645663,77.6401304
Pionier Lifestyle bangalore,12.8728757,77.6959513
Purva Midtown Residences bangalore,12.9996774,77.6663724
Aratt Firenza bangalore,12.8291828,77.6619456
Grand Duke Villas bangalore,12.7609104,77.6963918
Sowmya Shailam bangalore,12.9437506,77.5737599
A Peace Paramount bangalore,13.1141821,77.5666558
Sobha Morzaria Grandeur Phase II bangalore,12.9339158,77.6019266
Patel Smondoville bangalore,12.8219467,77.6577455
Arsis Green Hills bangalore,13.019059,77.707093
Purva Westend bangalore,12.89072,77.6383746
Maarq Alpha bangalore,12.9144324,77.7021837
Patel Smondoville bangalore,12.8219467,77.6577455
Pashmina Lagoon Residences bangalore,13.0754163,77.7242591
Arsis Green Hills bangalore,13.019059,77.707093
Columbia Belleza bangalore,12.8711086,77.5780753
Bren Trillium bangalore,12.8661314,77.6664154
Nitesh Caesars Palace bangalore,12.8776451,77.546492
Patel Smondo 2 bangalore,12.8217185,77.6598477
Godrej Woodsman Estate bangalore,13.0544261,77.5960248
Prestige Park Square bangalore,12.8469172,77.5878452
VRR Nest bangalore,12.8639934,77.6629466
Sizzle Gold Coast bangalore,13.0161167,77.6599252
Sobha HRC Pristine bangalore,13.0679382,77.6059904
Shoban Silver Domicile bangalore,13.0626596,77.6278831
VBHC Palmhaven Phase II bangalore,12.8823501,77.4722966
NCC Urban Green Province bangalore,12.866571,77.7720839
Incor Carmel Heights bangalore,12.9608801,77.7477855
Hatha Coco Nest bangalore,12.9452912,77.6788233
The Magic Faraway Tree bangalore,12.859542,77.5299544
Hiranandani Evita bangalore,12.8760537,77.6121874
Midtown Raaga bangalore,13.0045009,77.7300865
Ambika Arcade bangalore,13.236074,77.7267615
Bren Paddington bangalore,12.9184653,77.6758485
Master Classic Residency bangalore,13.0925662,77.5998497
Avanti by Shriline bangalore,12.7101547,77.7072491
Purva Coronation Square bangalore,12.8953453,77.5795323
Krishna Greens North Pride bangalore,13.270314,77.619116
Adarsh Palm Retreat Mayberry bangalore,12.9164497,77.6942608
Garuda Royal Homes bangalore,13.0151889,77.7057087
Provident WelWorth City bangalore,13.2293032,77.5480973
Adiga 100 trees bangalore,12.9185092,77.5940323
Purva Coronation Square bangalore,12.8953453,77.5795323
Nitesh Rio bangalore,12.8631579,77.535788
Urban Eco Space bangalore,12.8318138,77.798139
Adarsh Palm Retreat Mayberry bangalore,12.9164497,77.6942608
Garuda Royal Homes bangalore,13.0151889,77.7057087
Prestige Royal Garden 2 bangalore,13.1395085,77.5706395
Godrej Reflections bangalore,12.9118913,77.668165
Prestige Kenilworth bangalore,12.9902606,77.5961311
Adiga 100 trees bangalore,12.9185092,77.5940323
Iconest 3 bangalore,12.8011407,77.6796032
Disha Central Park bangalore,12.9376923,77.713246
Sumadhura Nandanam bangalore,12.9905248,77.7139077
Purva Seasons bangalore,12.9878209,77.6668541
Maarq Vista bangalore,13.410396,77.7150976
Icon Sanctuary bangalore,12.8554461,77.809677
Adarsh Pinecourt bangalore,13.0837992,77.6619215
Ajmera Nucleus bangalore,12.851016,77.6807465
Whitestone Florenso bangalore,13.059249,77.762768
Unicon North Brooks 46 bangalore,13.1042012,77.5561585
KBR Elite bangalore,13.048417,77.6061279
CMRS Mulberry Mist bangalore,12.9450837,77.7524506
Brigade Orchards Juniper bangalore,13.2264186,77.723767
Ramky One North bangalore,13.1361505,77.5706196
Icon Laurels bangalore,12.7998369,77.6793722
Ambika Anjanadri Layout bangalore,13.0027226,77.6612167
Fortuna Acacia bangalore,13.0698679,77.5869958
G Corp Residences bangalore,12.9303569,77.6365973
Arya Hamsa bangalore,12.8599997,77.5745195
Northern Destiny bangalore,13.1000006,77.6337199
Bren Palms bangalore,12.8911424,77.6447601
Roma Epicurean bangalore,12.9671,77.7347721
CMRS Mulberry Mist bangalore,12.9450837,77.7524506
Manar Pureearth bangalore,12.8667734,77.7872346
Adarsh Premia bangalore,12.920315,77.5616
VRR Fortuna bangalore,12.9048311,77.7029081
Gina Shalom bangalore,13.0184845,77.7079185
Alembic Urban Forest bangalore,12.9853338,77.7609677
Northern Destiny bangalore,13.1000006,77.6337199
Bren Palms bangalore,12.8911424,77.6447601
TG Epitome bangalore,12.8671517,77.6898081
Ambiience Aamby City bangalore,13.1319198,77.8187924
NVT Arcot Vaksana bangalore,12.8536467,77.7840279
Uniidus Breeze bangalore,12.944991,77.711179
Marvel Sequoia bangalore,12.9853863,77.7591065
Raja Aristos bangalore,12.8639286,77.5981177
Swathi Magnolia bangalore,12.9715987,77.5945627
LGCL Happy Days bangalore,13.0764068,77.6659443
Reliaable Dollar Colony Phase II bangalore,12.8608338,77.6734677
Skylark Dasos bangalore,13.062335,77.665454
Aswani Sunshine bangalore,12.8350619,77.7735794
Vaswani Menlo Park bangalore,12.9492007,77.717493
SNN Raj GreenBay bangalore,12.852932,77.678469
Zed Earth bangalore,13.0054998,77.5782716
Kolte Patil 24K Grazio bangalore,12.9246763,77.6308584
Godrej E-City bangalore,12.8534247,77.6530258
Embassy Pristine bangalore,12.9280203,77.6609868
The Presidential Tower bangalore,13.0265663,77.5451712
SBI New Bangalore bangalore,12.8762164,77.6164271
Niranjan Genesis bangalore,12.8650822,77.6232727
Mahaveer Sitara bangalore,12.8937,77.5866427
Prestige Silver Sun bangalore,12.9241916,77.6961269
Niranjan Genesis bangalore,12.8650822,77.6232727
The Presidential Tower bangalore,13.0265663,77.5451712
Indio Classic bangalore,12.9715987,77.5945627
Chethana Heritage bangalore,12.9715987,77.5945627
SBI New Bangalore bangalore,12.8762164,77.6164271
Motzkin Park Terrace bangalore,12.8277163,77.7776498
Skylark Royaume bangalore,12.8661023,77.665878
Brigade Northridge - Phase 1 bangalore,13.1012353,77.630922
LGCL Stonescape bangalore,13.0793738,77.6625359
Pioneer Sun Blossom bangalore,12.8348947,77.648506
Salarpuria Sattva Magnificia bangalore,12.9962293,77.6689762
Sai Purvi Symphony bangalore,12.9194265,77.736761
S2 Homes Butterfly Gardens bangalore,12.7671408,77.6316248
HM Indigo bangalore,12.8730577,77.5714702
Radiant Lake View bangalore,13.0320876,77.7210642
Asset Aura bangalore,12.921249,77.722038
Nambiar Bellezea bangalore,12.8423459,77.727032
Salarpuria Sattva Casa Irene bangalore,12.8646922,77.5911405
Fire Luxur The Empyrean Phase II bangalore,12.9048299,77.8677685
SNN Raj Serenity bangalore,12.8589085,77.613768
Atco Sapphire bangalore,12.8606884,77.7767483
Rsun Sushmitham bangalore,12.9890574,77.7659146
Peace Rhythm bangalore,12.9500313,77.4978003
Prestige Jade Pavillion bangalore,12.9216881,77.6956648
Oceanus Tranquil bangalore,13.0372514,77.6894379
Fortius Under The Sun bangalore,13.2364997,77.6789061
Pioneer KRS Park Royal bangalore,12.9293554,77.4995552
Prestige Shantiniketan bangalore,12.989259,77.731264
Habitat Crest bangalore,12.9907059,77.7227793
Ruchira Aarna Homes bangalore,12.9647206,77.7552794
Goyal Alanoville bangalore,13.0887141,77.6594168
Purva Skywood bangalore,12.8944929,77.6607174
S2 Homes Butterfly Gardens bangalore,12.7671408,77.6316248
Brigade Northridge Phase II bangalore,13.1012353,77.630922
MN Guru Akshitha bangalore,13.092666,77.63287
Puravankara Elita Promenade bangalore,12.8505636,77.6019434
Radiant Lake View bangalore,13.0320876,77.7210642
Asset Aura bangalore,12.921249,77.722038
Brinda Imperial Phase I bangalore,12.753406,77.649038
Fire Luxur The Empyrean Phase II bangalore,12.9048299,77.8677685
Blue Bell Homes bangalore,12.9676128,77.7042125
Atco Sapphire bangalore,12.8606884,77.7767483
Oceanus Tranquil bangalore,13.0372514,77.6894379
Fortius Under The Sun bangalore,13.2364997,77.6789061
Pavani Sarovar Phase II bangalore,12.9726354,77.7340972
Chamundi Amber Woods bangalore,12.8763746,77.5304509
Ajmera Annex bangalore,12.8420581,77.6463682
Kumar Princetown Royale bangalore,13.0606714,77.5200615
Gopalan Atlantis bangalore,12.9741618,77.7439856
Spad Classic Nakshatra Nestilo bangalore,12.9640102,77.7499354
Opera Spring Leaf bangalore,12.8983834,77.6183237
The Advantage Raheja Pebble Bay bangalore,12.9175193,77.6284075
Evershine Greenwood bangalore,12.8610024,77.7805416
Adarsh Palm Meadows bangalore,12.9574201,77.7405942
Mantri Centrium bangalore,13.0040638,77.5618485
Nitesh Cape Cod bangalore,12.9224054,77.6750123
Arna Meadows bangalore,12.8627811,77.6030904
Jain Heights Grand West bangalore,13.0171545,77.5504018
Splendid Lake Dews bangalore,12.8700365,77.6272663
Jain Heights Grand West bangalore,13.0171545,77.5504018
Puravankara Elita Promenade bangalore,12.8505636,77.6019434
Aswani Aaeesha bangalore,12.8608338,77.6734677
New India Tanzanite bangalore,13.1020363,77.6189762
Esteem Emblem bangalore,12.8382576,77.6846614
Adisesh Prime bangalore,13.08155,77.99827
Sai Sowbagya bangalore,12.9081743,77.6835513
Pavani Sarovar Phase II bangalore,12.9726354,77.7340972
Chamundi Amber Woods bangalore,12.8763746,77.5304509
Samhita Elite bangalore,13.0351177,77.7042186
Saroj Harmony bangalore,12.9313675,77.7418874
DSMAX STONESCAPE bangalore,12.8518163,77.5573227
Manifest Elite bangalore,12.9715987,77.5945627
Sobha Silicon Oasis Row Houses bangalore,12.867993,77.6612248
The Advantage Raheja Pebble Bay bangalore,12.9175193,77.6284075
Sumadhura Lake Breeze bangalore,12.9566809,77.7248939
Srimitra Lifestyle bangalore,13.0305625,77.668072
Sobha Lake Gardens bangalore,13.0191276,77.7241543
Rand Pride Homes bangalore,12.9780797,77.6929907
JK Suchiraa Villas bangalore,13.0694552,77.5173107
Unishire Spacio bangalore,12.8849319,77.6048938
Sriven Rag Meridian bangalore,12.8183059,77.6898768
Arna Meadows bangalore,12.8627811,77.6030904
KMB La Palazzo bangalore,12.9196722,77.6659963
Sowparnika Flamenco bangalore,12.8550179,77.7850851
Ozone Urbana Avenue bangalore,12.9757272,77.6158504
Sipani Wattle Grove bangalore,12.940446,77.623403
Dhammanagi Kings Ville bangalore,12.9960918,77.583631
Upkar Garden bangalore,12.7786333,77.7245665
Unishire Spacio bangalore,12.8849319,77.6048938
Aryan Fountain Square bangalore,12.7867076,77.774883
Millennia Lakeview bangalore,12.8776976,77.6983835
Karle Zenith Residences bangalore,13.0472844,77.6161294
DSMAX STONESCAPE bangalore,12.8518163,77.5573227
Sipani Wattle Grove bangalore,12.940446,77.623403
Dhammanagi Kings Ville bangalore,12.9960918,77.583631
Prestige Ferns Residency bangalore,12.9029705,77.6622073
Srimitra Lifestyle bangalore,13.0305625,77.668072
Hiranandani Club Meadows bangalore,12.875594,77.612397
JK Suchiraa Villas bangalore,13.0694552,77.5173107
Upkar Habitat bangalore,12.7445533,77.7824429
Vaishnavi Nakshatra bangalore,13.0254031,77.5491776
VMAKS Heights bangalore,12.8367538,77.6978783
BSR Sunshine bangalore,13.0463979,77.5984395
Ozone Urbana Avenue bangalore,12.9757272,77.6158504
Sobha Ruby bangalore,13.0446521,77.5000402
Sobha Valley View bangalore,12.9312341,77.5290558
Canary Woods bangalore,12.9715987,77.5945627
Hiranandani Glen Gate bangalore,13.0530787,77.5743451
Sobha Clovelly bangalore,12.911386,77.5559079
Prestige Lakeside Habitat Villa bangalore,12.9299576,77.7401083
Dharma Elite bangalore,13.0103618,77.6520469
Jain Heights East Parade bangalore,12.9735006,77.6823713
Dharma Castle bangalore,13.0106268,77.6532302
Sobha Daisy bangalore,12.9282006,77.6680634
Provident Harmony bangalore,13.080659,77.625441
Hrvy Sai Sapphire bangalore,12.8947372,77.5785716
Shravanthi Oakridge bangalore,12.8720988,77.5295509
ARK Cloud City bangalore,12.9842196,77.7634093
Vishwapriya Vertical Garden bangalore,12.9385302,77.5231804
Shriram Godhuli bangalore,13.4682719,77.8096926
Opera Canopus bangalore,12.8872949,77.6214482
Aster Residential Layout bangalore,12.916873,77.6358182
Sipani Jardin bangalore,12.7780888,77.7296121
Alpine Viva 2 bangalore,13.0143196,77.7609495
Sobha Indraprastha bangalore,12.9811535,77.5634417
Pyramid Carnations bangalore,13.1351114,77.5622471
L&T South City bangalore,12.8877919,77.591002
Buildmann Aaroha Condominiums  bangalore,13.038895,77.702585
LGCL Luxuriate bangalore,12.9165932,77.6347147
Sunil Orchid bangalore,12.9715987,77.5945627
Svamitva Emerald Square bangalore,12.8146987,77.6701237
RJ Brooke Square bangalore,12.9649561,77.7203535
Balaji Ashirvaad Elite bangalore,12.8547931,77.5976667
Ma Sarada Casa Estrella bangalore,12.7964534,77.6864041
Hiranandani Horizon bangalore,19.1153798,72.9091436
Corporate Suncity Gloria Block B bangalore,12.9026286,77.7069429
Prisha Orchids bangalore,13.0833854,77.6375082
SSVR Fairy Bells bangalore,13.0713565,77.5851817
United Meadows bangalore,12.9658617,77.7224633
Rajarajeshwari Vara bangalore,12.981788,77.5998037
Purva Waves bangalore,13.063187,77.6626997
Habitat Eden Heights bangalore,12.9904266,77.7142049
Habitat Iluminar bangalore,12.9155329,77.4933195
Pruthvi Royal bangalore,12.8627337,77.5943649
Godrej Gold County bangalore,13.046768,77.4902439
Cattleya Sriven Nest bangalore,12.9372072,77.7491799
Brigade Millennium bangalore,12.891805,77.5824553
TG Ascent bangalore,12.8664422,77.6907409
Cattleya Sriven Nest bangalore,12.9372072,77.7491799
Mahaveer Promenade bangalore,13.0077592,77.7399015
K Raheja Jade Gardens bangalore,13.204637,77.6506622
Aratt Cityscapes Apartment bangalore,13.0611983,77.757579
Radiant Elitaire bangalore,12.8830931,77.5830352
RNS Shrinikethan bangalore,13.0321173,77.5388378
Prestige Gulmohar bangalore,13.0288528,77.6649757
DNR Atmosphere bangalore,12.958045,77.7390325
Shell North Gate bangalore,13.0669963,77.6468544
Disha Loharuka SOLARIS bangalore,12.860781,77.5902906
ATZ Estrella bangalore,12.9366872,77.7487363
MJ Lifestyle Astro bangalore,12.858655,77.6984882
Sowparnika Columns bangalore,12.9930415,77.8059633
Shriram Sameeksha bangalore,13.0721162,77.5348332
Sai Vrushabadri Towers bangalore,12.9885109,77.7817547
Shri Balaji Sarovar bangalore,12.9769223,77.7333818
Sobha Cedar bangalore,12.8779199,77.5297639
Prabhavathi Comforts bangalore,12.8864112,77.6290643
Platina Exotica bangalore,12.9275441,77.4936815
Valmark Cityville bangalore,12.8626587,77.604309
DSR Sunrise Towers bangalore,12.9821505,77.7602375
Dhanapriya Paradise bangalore,12.9715987,77.5945627
SVS Trend Square Precioso bangalore,13.0345488,77.6674155
Sobha Dream Gardens bangalore,13.0968857,77.647408
Sumukha Residency bangalore,12.9607204,77.5943232
Pioneer Kingstown bangalore,12.8878665,77.6441936
SMR Vinay Estella bangalore,13.0840921,77.5413269
Peninsula Prakruthi bangalore,12.8732821,77.787371
Prestige Park View bangalore,12.9852588,77.7518918
Prestige Park View bangalore,12.9852588,77.7518918
Altius Ardour bangalore,12.8354267,77.7686139
Mantri Tranquil bangalore,12.8867375,77.5451932
Concorde Tech Turf bangalore,12.8318141,77.6551811
SRK The Villagio bangalore,13.0080164,77.7621594
DS Max Splendid bangalore,12.9718563,77.4790222
Gravity Sundridge bangalore,13.1777165,77.5593515
Axis Vedam bangalore,12.8803091,77.5839891
Odions The Woods of East Phase 1 bangalore,12.8913922,77.6937237
IDEB Springfields bangalore,12.9181948,77.6695175
Ozone Polestar bangalore,13.0385196,77.6181119
Goyal Orchid Lakeview bangalore,12.9315349,77.6786481
Gempark Address bangalore,12.8699879,77.8103632
Sriven Luminous Amaltas bangalore,12.8453334,77.6481115
Pyramid Bilberry bangalore,13.0873611,77.6247607
Sobha Forest Edge bangalore,12.8763618,77.5285878
Aryan Golden Arena bangalore,12.806845,77.7825336
Park Cubix bangalore,13.2418908,77.720995
Brigade Golden Triangle bangalore,13.0549285,77.762862
Concorde Luxepolis bangalore,12.9567983,77.567828
MBR Brickfield Shelters bangalore,12.8124009,77.7342541
Maysons Udbhava bangalore,13.0877551,77.6038995
Adarsh Palm Retreat bangalore,12.9234947,77.6851069
Aratt Cityscapes Villa bangalore,13.0611983,77.757579
Avani Gardens bangalore,13.0860725,77.6064885
Nakshatra Township bangalore,12.7304474,77.7033552
Mantri Espana bangalore,12.9344706,77.6835063
Upscale Golden Lotus bangalore,12.9295788,77.7405079
DS & Jacks Needs 3 Project 276 bangalore,12.8707878,77.5963239
Sumukha Emerald bangalore,12.8758824,77.5812546
IDEB Springfields bangalore,12.9181948,77.6695175
Sipani Bliss 2 bangalore,12.7808199,77.7239959
Sriven Luminous Amaltas bangalore,12.8453334,77.6481115
Saf Snowdrops bangalore,12.8921607,77.563372
ARS Bhavisha bangalore,12.8596605,77.7656243
LVS Gardenia Phase 1 bangalore,13.0345318,77.7024472
Krishnaja Northcity bangalore,13.2389421,77.7059788
Bluejay Malgudi bangalore,12.8651727,77.5484676
Shriram Chirping Woods Apartment bangalore,12.9090034,77.6688901
Veohm Cedar Woods bangalore,13.0591532,77.643044
Mana Candela bangalore,12.8915171,77.710097
Ezzy Corinth bangalore,13.0657555,77.6515444
Concorde Amber bangalore,12.8948188,77.7030423
RJR Patel Residency bangalore,12.93844,77.7431417
Century Artizan Phase II bangalore,13.129355,77.595041
Prestige Glenwood bangalore,13.0767319,77.7341204
Aratt Cityscapes Villa bangalore,13.0611983,77.757579
Avani Gardens bangalore,13.0860725,77.6064885
Sobha Habitech bangalore,12.9828292,77.7552035
Brigade Parkside West bangalore,12.9026133,77.7018458
SNR Windmill bangalore,12.855583,77.597298
GCN White Palms bangalore,12.9616048,77.742095
Keystone Sarovar bangalore,12.8670332,77.5733981
Columbia Celestia bangalore,12.8953434,77.5795256
Gajanana Sumuk bangalore,12.9917127,77.7185076
MIMS Residency bangalore,13.086763,77.6214664
Cleartile The Rare Earth Plots bangalore,12.8784133,77.7097953
Sobha Daffodil bangalore,12.9013076,77.653417
Akruthi Spring Woods bangalore,12.985451,77.4864
Shapoorji Pallonji ParkWest Mahogany bangalore,12.963803,77.5610241
Cleartile The Rare Earth Plots bangalore,12.8784133,77.7097953
Prestige Glenwood bangalore,13.0767319,77.7341204
Sobha Daffodil bangalore,12.9013076,77.653417
Sanvi Sunrise bangalore,12.9732444,77.677601
RBD Stillwaters bangalore,12.8945651,77.6632973
Relizant Royale bangalore,12.957703,77.5758522
Shapoorji Pallonji ParkWest Mahogany bangalore,12.963803,77.5610241
Shilpa Dacha bangalore,12.915819,77.6697608
Brigade Omega bangalore,12.8938298,77.5294655
Prestige Royal Garden 3 bangalore,13.1395085,77.5706395
Sri Bhagwan Elite bangalore,12.8730771,77.6441754
Ozone Urbana Township bangalore,13.2036001,77.6645319
Axis Antara bangalore,12.8688053,77.6180494
Rohan Vasantha bangalore,12.9568204,77.7070217
NR Windgates bangalore,13.0859552,77.62378
Silicon Valley bangalore,12.9715987,77.5945627
Narmada Sri Heights bangalore,12.8737585,77.6677287
Prestige Dolce Vita bangalore,12.9757496,77.7425161
Mahindra Lifespace Windchimes bangalore,12.88624,77.597681
Veracious Vani Vilas bangalore,13.1220505,77.5768601
Provident The Tree bangalore,12.9960104,77.4848412
Golden Grand bangalore,13.0268946,77.5464606
Skanda Nirvana bangalore,12.9340795,77.7059496
VARS Parkwood bangalore,12.9156691,77.6909634
Aratt Cityscapes Rowhouse bangalore,13.0611983,77.757579
Viho Hill View bangalore,12.8904203,77.5148337
Adithya Garden  bangalore,12.8645579,77.6594665
Sumadhura Silver Ripples bangalore,12.9691977,77.7388622
Dharanis Prakruthi Park bangalore,12.8461858,77.8275989
Anand Somu Pristine bangalore,12.8588873,77.5667669
Aratt Rolling Whites bangalore,12.7481938,77.6837066
Anand Somu Pristine bangalore,12.8588873,77.5667669
Dharanis Prakruthi Park bangalore,12.8461858,77.8275989
Prestige Sunrise Park Norwood bangalore,12.8345846,77.6635615
Axis Antara bangalore,12.8688053,77.6180494
Splendid Skylines bangalore,12.8745128,77.6517073
Casa Gopalan bangalore,12.9685201,77.7424363
Assetz Lifestyle bangalore,12.8853283,77.7047401
Sobha Jasmine bangalore,12.9263467,77.6680634
Veracious Vani Vilas bangalore,13.1220505,77.5768601
Pioneer Park Avenue bangalore,12.875964,77.551905
Odions The Woods of East Phase 2 bangalore,12.8913922,77.6937237
Adithya Garden  bangalore,12.8645579,77.6594665
Velpula Pride bangalore,13.0863313,77.6028616
Sobha Marvella bangalore,12.9267833,77.6726791
Salarpuria Sattva Serene Life bangalore,13.1883652,77.6580876
Definer Hi-Life bangalore,13.0361409,77.6932524
Asrithas Grand Living bangalore,12.938386,77.617803
Shriram Signia bangalore,12.8391167,77.6563997
Sri Garnet Park bangalore,12.9918197,77.7194328
Azven Breathe bangalore,12.8313905,77.775604
Sobha Tulip bangalore,12.8984206,77.5855194
Prestige Ozone bangalore,12.9590509,77.7494998
SJR WaterMark bangalore,12.9132624,77.6704345
Vedant Vayun bangalore,12.8787673,77.6376676
DivyaSree 77 Place bangalore,12.9486621,77.6932524
Prestige Spencer Heights bangalore,12.9956569,77.6104792
Puravankara Purva Riviera bangalore,12.9758193,77.5570922
MN Guru Gokulam bangalore,13.0927842,77.6324403
Raja Sannidhi bangalore,12.8491125,77.6078187
Sobha Lifestyle Legacy bangalore,13.231919,77.674463
Nava Vedantha bangalore,13.0051219,77.6644468
Prabhavathi Divine bangalore,12.8787211,77.6110659
Jeevan Grandeur bangalore,13.0053452,77.7482751
Century Indus Phase II bangalore,12.9112501,77.5113871
Brigade Meadows Plumeria bangalore,12.8134935,77.5117193
Kolte Patil Raaga bangalore,13.0956915,77.6478017
ALPS Aurora bangalore,12.8145655,77.6729006
Century Saras bangalore,13.1128005,77.5701013
Greystone Mirror On Water bangalore,12.8943569,77.6618761
Thrive Muses Abode bangalore,13.0261844,77.6266968
Renaissance Nature Walk bangalore,13.0046798,77.7182604
Mantri Flora bangalore,12.9183563,77.6650713
Vivansaa Aurigaa bangalore,12.8937057,77.7681863
Arvind Sporcia bangalore,13.0624992,77.6215293
GM Infinite E City Town Phase I bangalore,12.8192308,77.66407
SNN Raj Serenity Phase II bangalore,12.852932,77.678469
Silverwood Regency bangalore,12.9111022,77.6777582
Purva Venezia bangalore,13.0972391,77.5702975
Sri Bhagwan Embassy bangalore,12.8355532,77.6916476
Puravankara Purva Fountain Square bangalore,12.9748291,77.618987
GM Global Techies Town Tower 03 C bangalore,12.8227035,77.6608411
Saran Mulberry Woods bangalore,12.9059509,77.7038144
Celebrity Square bangalore,12.828163,77.7860248
Shriram Chirping Woods Villament bangalore,12.9090034,77.6688901
Aahika Apartments bangalore,12.9036263,77.606235
Mana Karmel bangalore,12.8955387,77.7059662
GM Global Techies Town Tower 01 A bangalore,12.8227035,77.6608411
Trifecta Joli bangalore,12.8921388,77.7095138
SJR Vogue bangalore,12.9815216,77.7176076
Plama Heights bangalore,13.0334447,77.6374762
Raheja Residency bangalore,12.928366,77.6317759
Prestige Sunrise Park Brichwood bangalore,12.8321675,77.6632722
Lone Star Crexcel Tuscany bangalore,12.991444,77.615403
Salarpuria Sattva Kings Domain bangalore,12.9918038,77.6607041
GE Global Green Apple Villas bangalore,12.7861815,77.7124387
Candeur Rise bangalore,12.9969877,77.6899549
Brigade Metropolis bangalore,12.9914639,77.7029976
Elegant Pride bangalore,13.0012678,77.6225051
Kuteera Green Homes bangalore,13.0301107,77.7620013
URI Shirdi Sri Sai Nagar bangalore,12.9714651,77.540545
Pride Crosswinds Villa Plots bangalore,12.780214,77.603303
Jeevan Pristine bangalore,12.9715987,77.5945627
Salarpuria Sattva Gold Summit bangalore,13.0666284,77.6523154
DS Max Status bangalore,13.131781,77.5661959
Unishire The Weave bangalore,13.0569,77.623807
Total Environment Windmills Of Your Mind bangalore,12.9828416,77.7218047
G Corp The Icon Phase III bangalore,13.0473654,77.6254839
Sona Grandeur bangalore,12.8647018,77.5956349
Saranya Sreshta bangalore,12.9671661,77.7570509
Chaitrashree Royale bangalore,12.9389997,77.5180225
Sobha City Casa Paradiso bangalore,13.0761452,77.6406964
Nishant Prime bangalore,12.9665946,77.7651452
Aratt Amora bangalore,12.7587473,77.6711502
Windsor Troika bangalore,12.8656865,77.6194878
LGCL One Street bangalore,13.0668077,77.6602794
Mantri Lithos bangalore,13.0544515,77.6194419
VBHC Vaibhava bangalore,12.756369,77.7024257
Citrus Zen Garden bangalore,13.0683918,77.6049617
Griha Unnathi bangalore,13.0590857,77.6590355
Hebron Avenue bangalore,13.0323,77.6994231
Vivansaa Blessings bangalore,12.9124021,77.6387393
Unishire Verzure bangalore,13.0756934,77.6173763
Connected Living Whitefield bangalore,13.0345602,77.7896753
Pavani Sarovar bangalore,12.9726354,77.7340972
Kataria Builteck Residency bangalore,12.8213574,77.6876728
LGCL Pueblo bangalore,12.8666049,77.6672102
Prestige Kensington Gardens bangalore,13.051404,77.5369911
Millennia Montagna bangalore,12.9715987,77.5945627
Ozone Evergreens bangalore,12.9088641,77.6628913
DivyaSree Republic Of Whitefield bangalore,12.9662768,77.7243859
Pranavas BSR Gitaaar bangalore,12.9422451,77.7014517
Prestige Palms bangalore,12.9805009,77.7435987
S2 Avantikaa bangalore,12.8569538,77.7662866
Alpine Fiesta bangalore,12.996111,77.7203321
Suvastu King George Avenue bangalore,12.9066722,77.6430258
Godrej Platinum bangalore,13.0547182,77.5937366
Sonestaa Meadows bangalore,12.9488884,77.7214587
Ajantha Prime bangalore,12.862021,77.6623552
Kumari Lotus bangalore,12.9033063,77.6846818
RJ Lake Gardenia bangalore,13.018249,77.707173
BRR Sai Sankalp bangalore,12.9976477,77.7598434
Adarsh Palm Retreat Condominiums bangalore,12.9197319,77.6901979
Citrus Polaris  bangalore,13.06663,77.656796
Samruddhi Winter Green bangalore,12.9389418,77.7129508
Citrus Aries Lakeview bangalore,13.077676,77.6104505
Jayanth Santis bangalore,13.1115752,77.5722524
Ittina Neela bangalore,12.831385,77.700493
Aswan The Marquis bangalore,12.9713671,77.6119065
Purva City of Gold bangalore,12.887104,77.5521255
Aishwarya Splendour bangalore,12.8964934,77.5858455
DSMAX SAANJH bangalore,12.874364,77.6173867
Purva City of Gold bangalore,12.887104,77.5521255
Fire Luxur The Empyrean bangalore,12.9048299,77.8677685
MS Royal Sunnyvale bangalore,12.7384134,77.7085666
Prodaacon Mounika Espancia bangalore,13.0371268,77.6643917
Garuda Estilo Homes bangalore,12.9948427,77.7645333
Pride Enchanta Phase I bangalore,12.9478889,77.5353712
Apex Crystal bangalore,12.9715987,77.5945627
Gomati Iris bangalore,12.8033514,77.6714398
NBR Green Valley bangalore,12.8162764,77.8628083
Aditi Tropica bangalore,12.919196,77.668466
Fortuna Krrish bangalore,13.0407862,77.6753256
Cleartitle The Rare Earth bangalore,12.8784133,77.7097953
Sobha Petunia bangalore,13.0398047,77.6124624
DLR Sabarmati Enclave bangalore,13.0258664,77.6803306
Bangalore Regency Canterbury Castles bangalore,13.014444,77.629186
Slv Parkview bangalore,13.0459165,77.5419656
E Golden Abode bangalore,12.8511396,77.6735544
Sobha Arena - The Plaza bangalore,12.8642033,77.53674
Richmond Lake View bangalore,12.7995085,77.6563883
NCN Platina bangalore,12.9373858,77.7374738
Akme Harmony bangalore,12.9224347,77.6711293
Gnana Bhoomi bangalore,13.2805947,77.6198082
Sumo Leaves bangalore,12.878726,77.5444685
TG Lakevista bangalore,12.8734735,77.6343724
Oceanus Classic bangalore,13.005386,77.7316052
Prestige Monte Carlo bangalore,13.1152916,77.5774514
Mythri Arteor bangalore,12.8874178,77.6294089
Sri Amethyst bangalore,13.0047047,77.7145949
Brigade Gardenia bangalore,12.8879764,77.5781273
Midtown Rhythm bangalore,12.960095,77.741935
Richmond Lake View bangalore,12.7995085,77.6563883
Mahaveer Riviera bangalore,12.8930968,77.5883631
Jeevanadi Sampoorna bangalore,13.0643327,77.5697312
Century Linea bangalore,13.0698545,77.6037801
Shanders Dwellington bangalore,12.8476197,77.6881725
TG Lakevista bangalore,12.8734735,77.6343724
Mahaveer Tranquil bangalore,12.9679039,77.7328695
SLS Square bangalore,12.9719967,77.7153684
Oceanus Classic bangalore,13.005386,77.7316052
Prestige Monte Carlo bangalore,13.1152916,77.5774514
Aratt Aeris Residences bangalore,12.9824845,77.6460185
Mythri Arteor bangalore,12.8874178,77.6294089
Nitesh Hyde Park bangalore,12.8717726,77.5979352
Prestige Laughing Waters bangalore,12.9602478,77.7379568
Nagarjuna Maple Heights bangalore,12.9935525,77.6838545
Sobha Palladian bangalore,12.9541525,77.6893828
Sobha Iris bangalore,12.9328719,77.6846695
Vista The 450 RMV bangalore,12.9715638,77.6127715
CLPD Suncity Apartments bangalore,12.9026338,77.7069423
Sobha Rajvillas bangalore,12.9785119,77.5631574
Embassy Springs bangalore,13.2026171,77.6241374
Aakruthi Aura bangalore,12.9650697,77.7510877
Sobha Sunscape bangalore,12.8643066,77.5212751
Odion Rainbow Retreat bangalore,12.8957846,77.6865903
Shriram Suhaana bangalore,13.1335429,77.5729612
The Manya Magna Ville bangalore,12.8560454,77.6491728
Akme Encore bangalore,12.9725255,77.7133728
Vertex Venezia bangalore,12.9274179,77.7389044
Bijith Kripa bangalore,13.257391,77.7088976
Sobha Eternia bangalore,12.9035751,77.6649043
Artha Reviera bangalore,12.7697881,77.6981747
Soundarya Kamakshi bangalore,12.9835136,77.5299315
Comfort Heights bangalore,12.8874544,77.5537026
Definer Kingdom bangalore,13.073524,77.7446716
NS Paradise Township bangalore,13.0040017,77.717381
Skav Ohana bangalore,13.0225129,77.7147406
Prestige Notting Hill bangalore,12.8726581,77.5945658
Nitesh Forest Hills bangalore,13.0159262,77.7626956
SRC blue bells bangalore,12.8328724,77.6897124
Maangalya Prosper Apartment bangalore,12.8652341,77.5576347
GRC Brundavan bangalore,12.9393493,77.5190858
Amrutha Value bangalore,12.9706326,77.7367999
AR Splendor Park bangalore,13.042217,77.6552918
HW Archstone bangalore,13.0290541,77.6302934
Cleartitle Old Bangalore bangalore,12.916974,77.63152
Rajarajeshwari Parasmani Regency   bangalore,12.9404754,77.5813465
SV Lakshmi Nivas bangalore,13.0395202,77.6621751
Aban Desire bangalore,12.8281273,77.7766475
SGS Silver Oak bangalore,12.915705,77.5486503
Skyline Bagmane Champagne Hills bangalore,12.858472,77.5818416
Sai Ashirwad Natures Nest bangalore,12.835969,77.691623
RR Signature bangalore,13.0800374,77.6337759
Sobha Chrysanthemum bangalore,13.0601142,77.6368556
Century Artizan bangalore,13.129355,77.595041
Regency Pinnacle Heights bangalore,13.0624834,77.626811
Keerthi Krishna Viva bangalore,12.9106527,77.6840375
Vestaa Lushes bangalore,12.8496595,77.7347463
Shravanthi Sunniva Willow bangalore,12.8528408,77.7827893
SV Lakshmi Nivas bangalore,13.0395202,77.6621751
DS Max Sankalp Manor bangalore,13.0396616,77.6726014
AR Splendor Park bangalore,13.042217,77.6552918
Aban Desire bangalore,12.8281273,77.7766475
Garuda Blossom bangalore,13.017519,77.7090184
Century Artizan bangalore,13.129355,77.595041
Shravanthi Sunniva Willow bangalore,12.8528408,77.7827893
Akshaya Regalia bangalore,12.897131,77.5264058
Sobha Onyx bangalore,12.9245191,77.6528063
Hita Malibu Rosita bangalore,12.9417311,77.7510344
Bhadra Legacy bangalore,12.9746481,77.624852
Spectra Palmwoods bangalore,12.9617125,77.7324062
Suncrest Pebbles bangalore,12.9364507,77.7274439
Bhartiya City Leela Residences bangalore,13.084283,77.642781
Greenwood Regency bangalore,12.9138057,77.6833284
Sipani Santa Monica bangalore,12.940446,77.623403
Midwest Elita bangalore,13.1215868,77.6205622
Hoysala Ace Phase II bangalore,13.0663641,77.5869966
Brindavan Palms bangalore,12.8730823,77.6671062
Woodshire Emerson Park bangalore,13.0350995,77.7520959
Sterling Villa Grande Phase 2 bangalore,13.011181,77.7597398
Raynal Gardens bangalore,12.9767323,77.5148708
Mantri Alpyne bangalore,12.9042533,77.5274646
Ds Max Sherwood bangalore,12.9220588,77.7231568
Legacy Cataleya bangalore,12.985034,77.595768
Purva Vantage bangalore,12.9064791,77.6450269
Mamtha Elite bangalore,12.9100769,77.7039706
Basava Pride bangalore,13.01401,77.717031
Celebrity Pride bangalore,12.8079224,77.7774934
DSR White Waters bangalore,12.9167469,77.7168083
Splendid Elite bangalore,12.8977003,77.6678125
Ds Max Sherwood bangalore,12.9220588,77.7231568
Sri Lakshmi Vallabha Land Mark bangalore,12.890488,77.5521392
SM Zinnia bangalore,12.932482,77.7264103
Rohan Jharoka bangalore,12.9482601,77.6765682
UKN Esperanza bangalore,12.9525107,77.7206956
Melange Smart Neighbourhoods bangalore,12.8578542,77.7978698
Sona Vistaas bangalore,12.8811223,77.6195792
Purva Vantage bangalore,12.9064791,77.6450269
Wisteria at Brigade Meadows bangalore,12.8150853,77.5067053
Mangilal Heerraji Sites and Villas bangalore,12.773142,77.484082
Legacy Cataleya bangalore,12.985034,77.595768
NCN Crystal bangalore,12.9750622,77.7588202
Aratt Grand Town bangalore,12.7401871,77.6791026
ASN Galaxy bangalore,13.0292141,77.661057
Golden Leaf Luxury Apartment bangalore,12.915528,77.6254919
Pavilion Villas at Brigade Orchards bangalore,13.237063,77.72428
Basava Pride bangalore,13.01401,77.717031
Celebrity Pride bangalore,12.8079224,77.7774934
DSR White Waters bangalore,12.9167469,77.7168083
Koncept Lake View bangalore,13.0629474,77.6230776
Fortius Waterscape bangalore,13.019696,77.721148
Mantri Glades bangalore,12.9113224,77.6847566
RMZ Latitude bangalore,13.0563101,77.5951032
NM Sai Sunshine bangalore,12.9479238,77.7126668
Divya JSR Limelite bangalore,13.0694591,77.530547
GM Infinite Elegance Tower bangalore,12.9165545,77.6184368
Zonasha Elegance bangalore,12.8988592,77.6682758
Krishna Brighton bangalore,13.1035207,77.5796734
B&B Opulent Spire bangalore,12.9216975,77.5997916
Krishna Arya Elegant bangalore,13.0165757,77.5475265
Unishire Belvedere Premia bangalore,13.0726436,77.6183587
Subhodaya Luxuria bangalore,12.9372251,77.7045745
Zonasha Elegance bangalore,12.8988592,77.6682758
SJR Residency bangalore,12.9276275,77.6891907
B&B Opulent Spire bangalore,12.9216975,77.5997916
Kumar Kino Platinum bangalore,12.985738,77.5748938
Aristo Marvel bangalore,12.8384012,77.6470954
Desai Grandeur bangalore,12.976704,77.7584705
Hiranandani Upscale Bannerghatta bangalore,12.876606,77.610831
SM Zinnia bangalore,12.932482,77.7264103
Sobha City Casa Serenita bangalore,13.0769388,77.6394475
SK Daisy bangalore,12.832197,77.648919
Rohan Jharoka bangalore,12.9482601,77.6765682
ATZ Ultima bangalore,13.0571116,77.6282134
DSMax Star Nest bangalore,12.9238214,77.4766588
Melange Smart Neighbourhoods bangalore,12.8578542,77.7978698
Global Villas bangalore,12.8592252,77.646217
Klassik Benchmark bangalore,12.8716449,77.5962133
Vaswani Claremont bangalore,12.9485069,77.7173176
NCN Crystal bangalore,12.9750622,77.7588202
Vivansaa Baalsam bangalore,12.9124021,77.6387393
Kumari Amaranthine bangalore,12.9176952,77.6973403
Aratt Grand Town bangalore,12.7401871,77.6791026
ASN Galaxy bangalore,13.0292141,77.661057
Golden Leaf Luxury Apartment bangalore,12.915528,77.6254919
Pavilion Villas at Brigade Orchards bangalore,13.237063,77.72428
Estella Maple Square  bangalore,12.8929578,77.6742451
Saiven The Hamptons bangalore,12.9105043,77.6516836
Ajmera Green Acres bangalore,12.8679098,77.5935277
Reliaable Lifestyle bangalore,12.8951713,77.668645
SNN Raj Lakeview bangalore,12.9039732,77.6083714
Cansa Dhiya bangalore,12.9307557,77.7112407
BSR Towers bangalore,13.0281274,77.6896923
Unishire Belvedere Premia bangalore,13.0726436,77.6183587
Krishna Arya Elegant bangalore,13.0165757,77.5475265
SJR Residency bangalore,12.9276275,77.6891907
Adhishree SunShine bangalore,13.0851417,77.6070356
MIMS Northbrook bangalore,13.0767278,77.659311
MBR Gem Park Villa bangalore,12.8699879,77.8103632
Sai Siri Heritage bangalore,12.9080207,77.488539
Jains Aashraya bangalore,12.8436657,77.5877827
DLF Woodland Heights bangalore,12.7828926,77.6581565
Maa Nivasam bangalore,12.9989205,77.7228561
Desai Grandeur bangalore,12.976704,77.7584705
Soma White House bangalore,12.8753207,77.6355191
Sunland Serene Hills bangalore,12.796947,77.531457
CMRS Palm Hills bangalore,13.3526756,77.7221923
